ResponseID,DistrictCode,A1_Practice,A1_Importance,A2_Practice,A2_Importance,A3_Practice,A3_Importance,A4_Practice,A4_Importance,A5_Practice,A5_Importance,A6_Practice,A6_Importance,A7_Practice,A7_Importance,A8_Practice,A8_Importance,A9_Practice,A9_Importance,A10_Practice,A10_Importance,B1_Practice,B1_Importance,B2_Practice,B2_Importance,B3_Practice,B3_Importance,B4_Practice,B4_Importance,B5_Practice,B5_Importance,B6_Practice,B6_Importance,B7_Practice,B7_Importance,C1_Practice,C1_Importance,C2_Practice,C2_Importance,C3_Practice,C3_Importance,C4_Practice,C4_Importance,C5_Practice,C5_Importance,C6_Practice,C6_Importance,C7_Practice,C7_Importance,D1_Practice,D1_Importance,D2_Practice,D2_Importance,D3_Practice,D3_Importance,D4_Practice,D4_Importance,D5_Practice,D5_Importance,D6_Practice,D6_Importance,D7_Practice,D7_Importance
R_00001,D007,4,5,2,5,4,3,3,5,3,2,3,5,4,5,4,4,5,3,4,5,4,5,4,4,2,3,3,2,3,3,3,4,3,3,3,3,5,4,4,3,4,3,3,5,4,4,4,5,5,3,2,3,3,3,5,5,3,4,3,5,4,3
R_00002,D005,3,4,5,4,3,6,4,3,3,3,4,5,4,3,4,6,4,5,5,3,5,5,4,3,4,3,4,4,5,5,3,4,3,5,5,3,4,4,3,5,4,5,4,3,4,3,5,5,5,3,3,5,5,3,4,3,5,5,3,4,4,3
R_00003,D014,3,4,5,3,3,5,4,4,4,3,3,3,4,3,3,3,4,3,5,5,3,3,4,3,3,5,4,4,5,5,3,3,4,4,4,5,4,5,3,4,3,5,3,3,4,4,3,3,5,4,5,4,3,5,5,5,5,5,3,4,3,4
R_00004,D001,5,3,5,4,4,5,5,4,5,3,3,5,4,4,5,3,4,4,5,3,5,3,3,4,4,3,3,5,3,4,4,4,4,4,5,3,5,3,4,4,3,3,5,3,4,5,5,3,3,3,5,5,5,3,3,5,4,4,5,4,2,5
R_00005,D005,5,3,3,3,4,3,4,5,3,5,3,4,5,5,3,4,3,3,5,5,3,5,4,4,3,3,5,5,4,5,4,3,3,4,5,5,5,5,3,3,3,5,5,4,5,3,5,5,6,5,5,3,5,4,5,5,5,5,3,5,3,5
R_00006,D014,5,4,3,5,3,2,3,3,5,5,3,4,3,5,4,5,3,5,3,5,3,3,4,4,3,4,4,3,4,3,4,2,5,4,4,4,4,3,2,4,3,3,5,4,3,3,3,3,3,3,3,5,4,5,4,3,4,2,3,4,4,4
R_00007,D007,3,4,5,5,3,3,4,4,3,5,5,4,3,3,3,3,4,5,3,4,4,3,5,4,3,4,2,5,5,3,4,3,5,4,3,3,5,4,5,4,5,4,5,5,4,5,4,5,4,5,5,4,3,3,4,5,4,4,3,3,3,3
R_00008,D005,3,3,5,5,3,4,4,4,3,4,5,4,5,5,5,4,3,4,5,5,5,4,5,4,4,3,3,4,3,4,5,4,3,4,3,4,3,4,4,3,4,3,4,3,4,3,4,5,4,5,5,3,3,3,4,6,4,4,5,4,5,5
R_00009,D004,2,2,4,4,3,4,4,3,4,4,2,4,5,2,2,3,4,5,3,4,2,4,4,2,4,5,4,2,5,4,3,3,3,4,3,5,4,2,5,4,5,4,3,4,5,3,4,4,3,3,4,3,5,5,2,5,3,3,4,3,2,5
R_00010,D004,5,3,5,4,3,2,5,2,4,4,4,4,4,4,5,2,3,4,3,4,4,4,3,4,3,4,3,3,3,3,3,4,4,3,3,4,4,5,4,3,3,3,3,3,2,4,3,5,4,4,3,5,4,5,4,4,4,3,2,5,4,5
R_00011,D006,4,2,3,4,3,5,2,4,4,4,3,4,3,3,5,5,3,4,4,4,5,3,3,4,3,3,2,2,3,4,3,3,4,4,3,4,5,4,4,4,5,3,4,4,5,5,2,3,3,4,4,3,2,4,4,5,4,4,2,2,3,3
R_00012,D005,5,5,4,5,5,4,3,2,4,4,4,5,3,4,4,4,2,3,3,4,5,3,4,3,5,5,4,3,3,3,5,3,4,5,4,4,3,3,3,4,4,4,3,4,5,3,4,2,5,4,3,3,4,4,2,5,5,3,2,5,4,4
R_00013,D007,5,5,3,4,3,5,4,5,5,3,5,4,5,4,5,3,3,4,5,4,3,4,3,4,4,4,3,3,4,4,3,5,2,5,4,5,3,4,5,5,4,2,4,4,5,5,4,4,4,4,4,4,3,4,5,3,4,4,5,5,5,3
R_00014,D005,5,5,3,3,5,5,6,5,4,3,5,5,4,5,5,3,5,4,4,3,4,4,5,3,3,5,5,3,5,3,4,3,3,3,5,5,5,3,4,4,4,5,4,3,5,3,4,4,3,4,4,6,4,6,5,4,4,5,5,3,5,4
R_00015,D015,5,4,3,4,4,4,4,4,5,4,5,4,3,4,4,4,3,3,5,3,3,4,5,4,5,5,3,5,4,5,5,3,3,5,3,5,5,4,5,5,5,3,5,2,4,4,4,4,4,5,5,3,3,2,5,4,5,3,2,5,5,3
R_00016,D006,5,3,4,2,5,3,4,4,4,5,3,4,3,3,2,4,3,5,2,3,3,5,5,2,4,4,5,3,3,3,3,5,4,4,4,4,2,5,3,3,4,2,4,3,3,5,3,3,5,2,5,3,3,3,3,4,2,2,5,3,3,3
R_00017,D001,4,5,4,5,4,3,4,6,3,5,5,4,4,6,3,4,4,5,4,5,3,3,5,3,4,5,4,4,6,4,4,5,3,5,5,5,5,5,3,4,3,4,4,4,3,4,5,4,3,6,3,5,3,3,5,5,4,5,4,4,3,4
R_00018,D009,5,5,6,5,4,4,3,5,3,3,5,4,5,4,5,5,6,5,5,5,3,6,5,4,3,5,4,4,3,5,4,4,3,5,3,5,3,4,4,4,5,5,4,3,3,3,5,5,4,5,4,4,4,5,3,4,4,5,4,5,3,4
R_00019,D008,3,3,2,3,3,2,4,3,3,4,4,5,4,2,5,2,2,5,5,4,4,4,3,2,2,3,4,4,5,5,2,5,3,4,4,3,3,3,3,3,4,2,4,5,3,4,4,4,3,2,3,4,4,4,3,4,3,4,4,3,5,4
R_00020,D009,5,5,3,3,4,4,3,3,4,4,4,3,5,3,5,5,4,4,4,4,5,5,4,5,5,4,4,3,3,3,5,4,5,4,3,3,4,4,4,3,4,3,4,4,4,5,5,3,3,5,3,5,5,5,5,4,4,3,4,6,5,4
R_00021,D008,4,4,5,5,5,5,5,5,5,5,4,4,4,3,4,6,4,4,3,3,5,3,5,5,6,3,4,5,3,4,3,5,5,5,3,4,4,5,4,4,4,5,4,5,4,5,4,5,4,6,6,4,4,4,5,6,5,5,3,4,5,6
R_00022,D007,5,5,3,4,3,5,3,3,5,3,3,3,2,2,4,3,5,3,2,5,5,4,4,3,3,5,4,3,4,3,2,2,3,5,4,4,4,2,3,3,2,3,4,3,2,5,4,2,4,3,3,3,4,3,3,4,2,5,2,4,4,5
R_00023,D007,4,4,5,3,2,5,3,5,4,5,5,3,3,4,5,3,5,4,4,4,5,3,5,4,3,3,3,3,5,4,5,4,3,5,3,3,5,5,3,3,3,5,5,5,4,5,4,4,5,4,5,5,3,4,5,4,3,3,4,3,4,4
R_00024,D010,2,5,3,5,3,5,5,3,4,3,5,4,5,3,4,5,2,3,5,3,4,4,4,4,5,3,5,4,4,4,4,3,3,5,4,4,4,3,3,4,5,3,5,4,3,5,4,5,4,3,4,5,3,3,3,4,5,5,4,5,4,5
R_00025,D007,3,3,4,2,4,3,5,4,4,2,3,5,4,4,4,5,2,5,4,3,4,3,5,4,4,3,5,3,5,2,2,3,3,3,4,3,5,5,5,3,4,4,2,3,4,4,3,5,3,4,4,4,5,4,5,2,2,4,4,4,4,3
R_00026,D009,4,3,5,4,5,5,3,3,3,4,4,3,4,3,5,5,5,5,3,4,4,3,4,3,3,3,3,4,4,3,5,3,3,4,3,5,4,4,4,3,3,5,4,5,3,4,3,4,5,4,4,4,5,4,5,5,5,4,4,4,3,4
R_00027,D001,5,3,5,5,3,5,4,5,4,5,5,3,4,4,3,3,4,4,4,4,4,3,4,3,5,5,3,4,5,4,5,3,5,4,5,5,4,5,5,5,3,4,5,5,5,4,5,4,3,4,4,5,3,5,3,5,3,3,3,3,5,4
R_00028,D012,6,5,3,3,4,4,5,4,4,3,6,4,4,5,5,5,5,5,3,4,5,4,6,4,4,4,5,4,4,6,5,4,3,5,4,6,5,6,5,4,4,5,4,4,4,4,4,5,6,5,3,5,5,4,5,5,5,3,4,5,3,5
R_00029,D001,5,4,5,5,4,3,5,4,4,5,3,4,4,5,5,5,3,5,3,5,6,4,4,5,5,5,5,3,4,3,5,3,6,4,4,5,5,4,3,3,3,4,3,3,5,5,4,5,3,5,5,5,4,3,5,3,3,4,3,3,3,5
R_00030,D015,4,2,4,4,2,3,3,4,4,5,4,3,3,5,3,4,3,3,3,5,4,4,4,4,4,4,3,3,5,5,3,4,4,3,4,2,4,4,4,3,3,4,3,3,4,3,4,5,4,4,4,2,4,5,4,3,5,5,4,2,3,2
R_00031,D015,3,6,3,4,5,5,6,5,4,6,4,6,6,4,5,5,5,5,4,3,5,5,5,4,3,3,4,5,5,5,5,4,4,4,6,5,3,5,4,5,6,3,4,3,3,5,5,3,5,4,4,4,6,3,4,4,5,5,4,5,5,4
R_00032,D005,4,3,3,2,5,5,5,4,3,4,5,5,4,5,3,3,3,3,4,4,5,3,4,5,5,4,5,4,3,3,3,4,5,5,2,4,3,3,4,4,5,3,4,4,4,4,5,3,5,2,5,5,2,5,4,3,4,3,5,4,4,3
R_00033,D007,3,4,4,3,5,4,5,5,3,4,4,3,3,3,5,4,4,3,3,3,5,4,4,4,3,5,5,4,4,3,5,3,5,4,5,4,4,3,2,5,5,4,5,4,5,3,4,2,4,3,4,4,4,4,4,2,4,2,4,3,5,2
R_00034,D012,5,5,3,3,3,3,4,5,3,4,4,4,4,6,3,5,5,5,5,5,3,4,4,3,3,3,4,4,5,4,5,3,4,3,3,5,5,4,3,3,5,5,4,3,5,4,6,4,5,5,4,3,3,3,5,4,5,4,5,3,6,5
R_00035,D007,3,4,5,4,5,6,4,5,3,4,6,4,4,6,4,5,5,3,5,5,5,3,3,5,5,5,4,3,3,4,4,4,3,4,4,5,4,3,4,3,5,4,4,4,4,3,6,6,6,5,3,4,3,4,4,3,4,4,4,3,4,4
R_00036,D009,3,3,4,5,4,4,5,4,4,5,5,6,3,4,5,3,4,5,5,3,5,4,4,3,4,5,4,3,4,4,4,5,4,5,4,5,4,3,5,5,5,4,4,4,3,5,5,5,3,6,4,4,4,5,5,4,5,4,5,4,5,3
R_00037,D012,4,5,3,6,5,4,5,6,4,3,3,4,4,4,4,4,4,5,4,4,4,3,3,4,6,3,5,3,4,4,3,4,4,4,5,4,4,5,3,5,5,5,3,6,3,3,3,4,6,3,4,3,5,4,3,4,3,4,4,5,3,5
R_00038,D012,2,5,3,3,3,3,5,4,4,4,4,4,3,5,4,5,4,3,4,2,2,2,3,3,4,4,3,2,3,3,4,4,4,5,4,4,2,3,3,2,3,2,2,5,5,4,4,4,3,5,4,2,2,4,3,3,4,3,3,4,4,4
R_00039,D002,4,5,3,5,2,4,4,5,2,5,4,3,5,3,3,5,3,5,4,3,5,4,3,4,4,3,3,3,3,2,3,3,4,3,4,3,3,5,5,4,2,5,4,5,5,5,2,5,3,4,5,4,4,4,4,3,3,3,4,5,2,4
R_00040,D005,4,6,4,3,5,5,5,4,5,4,3,5,4,4,4,4,5,4,5,5,4,4,5,3,3,5,4,3,6,4,3,6,4,5,3,5,3,6,4,5,4,4,6,3,4,4,5,4,5,5,3,4,3,4,5,3,5,5,6,4,3,3
R_00041,D006,3,4,5,3,5,5,3,6,3,4,3,5,4,5,5,3,4,5,5,3,3,5,4,4,6,4,3,4,3,4,5,5,5,5,5,5,4,4,4,5,4,3,5,6,4,3,4,5,4,6,6,6,3,5,4,4,5,5,6,5,3,3
R_00042,D005,2,4,4,4,4,3,4,2,4,4,3,3,4,3,4,4,3,4,5,4,2,4,4,5,2,2,3,3,4,3,4,4,2,4,4,3,5,4,4,4,3,2,4,3,5,4,2,4,3,2,4,4,2,3,3,4,4,3,3,2,4,4
R_00043,D005,3,5,3,4,4,3,5,5,4,5,5,4,3,4,5,3,3,4,4,5,3,5,5,5,3,4,3,5,3,4,3,3,4,3,4,4,4,4,5,3,5,5,3,3,4,3,4,5,5,5,3,4,5,5,3,4,3,4,3,5,5,3
R_00044,D015,4,5,4,6,3,3,3,5,3,5,4,6,4,4,4,5,5,5,4,4,3,4,5,5,3,3,4,4,5,6,4,4,4,3,3,5,5,5,3,5,4,3,4,4,4,5,4,6,3,4,4,5,4,4,5,3,3,5,6,3,5,4
R_00045,D009,4,3,5,3,3,5,4,3,5,5,4,3,4,3,4,5,4,3,5,3,3,3,3,5,3,5,3,4,4,4,3,3,3,3,5,4,5,5,5,6,5,4,4,4,5,4,4,3,4,3,5,5,3,6,4,5,6,6,3,5,3,5
R_00046,D015,5,3,5,4,3,5,5,3,4,4,4,5,2,4,5,4,4,3,5,5,4,3,4,2,3,3,4,2,5,3,2,4,5,5,3,2,4,5,4,5,5,5,3,5,3,2,3,2,3,5,4,5,4,3,5,4,5,4,3,4,3,3
R_00047,D010,4,5,5,3,5,5,2,4,5,5,3,4,5,3,4,3,5,3,5,2,4,4,5,3,3,3,2,3,2,2,3,4,5,5,4,3,4,2,4,5,4,4,3,2,5,3,3,5,2,3,3,4,4,5,2,4,4,4,2,5,3,5
R_00048,D003,3,3,4,4,4,3,3,3,2,4,5,3,3,3,3,4,4,3,2,3,3,2,5,3,3,4,4,2,4,3,5,3,3,3,3,3,3,2,4,4,2,3,4,5,4,4,5,5,3,4,5,4,5,4,2,5,4,4,5,5,4,4
R_00049,D002,3,6,6,5,3,4,6,4,6,5,5,4,5,5,3,4,4,4,4,4,5,5,5,4,4,4,3,5,5,6,6,4,3,4,4,4,4,4,4,5,3,4,3,5,5,3,5,4,3,5,6,5,3,5,4,4,4,5,3,5,3,6
R_00050,D006,4,4,5,3,3,5,5,5,5,5,4,3,4,4,3,5,5,3,3,5,5,4,4,6,5,4,5,4,5,3,3,4,5,3,5,5,4,3,6,5,5,4,4,3,5,6,5,5,5,4,4,3,5,5,3,6,5,5,3,4,5,4
R_00051,D015,4,4,4,3,4,5,5,4,3,4,5,5,4,5,4,4,3,3,6,5,5,3,5,5,4,3,5,5,5,5,4,5,5,5,5,6,3,4,4,3,5,4,3,5,3,4,5,5,5,4,5,5,5,3,3,3,3,5,5,3,5,4
R_00052,D001,5,3,5,3,3,3,5,4,5,4,5,3,5,4,5,4,3,3,5,3,3,4,4,5,4,3,5,5,4,4,3,4,2,3,5,3,5,4,5,3,4,4,4,5,4,2,3,3,2,3,5,3,4,4,3,4,3,3,4,4,3,5
R_00053,D005,4,4,3,5,5,3,5,3,3,5,5,4,3,4,3,4,4,3,3,4,2,5,3,4,2,5,4,4,2,4,4,3,4,4,3,4,4,3,4,4,3,4,3,5,3,4,3,3,3,3,3,3,4,3,4,3,2,4,3,5,3,2
R_00054,D009,5,5,3,3,4,5,3,4,4,6,4,4,3,3,3,4,5,4,5,3,5,3,5,5,3,4,4,5,6,3,5,3,4,6,4,4,5,5,5,5,3,5,3,6,3,4,5,5,5,3,4,4,3,5,5,6,3,6,3,4,3,4
R_00055,D005,5,5,4,4,6,5,4,4,5,3,5,3,4,5,4,5,4,6,3,5,3,5,5,5,3,4,3,6,3,3,5,4,3,4,5,4,5,4,3,4,5,3,4,4,3,3,5,5,4,4,3,5,6,4,3,3,4,4,5,4,5,5
R_00056,D002,3,4,5,6,4,4,5,3,3,3,5,5,3,5,3,6,4,4,5,5,3,4,6,5,5,5,4,5,6,3,4,4,3,6,5,4,4,6,3,4,5,3,4,5,5,4,4,6,6,5,4,6,6,4,3,4,5,5,4,5,5,5
R_00057,D015,3,5,4,4,5,6,5,6,4,5,4,3,4,4,4,5,4,5,5,3,5,5,4,3,3,5,3,5,3,3,3,5,5,4,5,3,5,3,5,5,5,5,4,3,5,5,3,5,5,4,6,6,4,4,3,3,4,5,5,5,5,5
R_00058,D009,4,5,5,6,4,3,5,3,3,4,4,4,4,3,5,4,4,5,3,3,4,3,6,5,5,4,4,4,5,4,3,3,3,4,4,4,3,3,3,4,4,3,5,4,6,5,6,3,5,4,5,5,5,6,5,4,6,6,4,4,4,5
R_00059,D012,5,4,3,5,3,4,5,3,5,4,2,3,4,5,5,4,3,4,4,5,5,4,5,5,3,4,3,3,3,5,4,4,3,3,4,4,4,2,4,4,4,4,5,4,4,3,5,3,5,3,3,5,4,4,4,4,4,3,4,5,4,5
R_00060,D003,5,5,5,4,6,4,4,3,3,4,4,6,4,5,5,4,4,5,4,3,3,5,3,3,5,5,5,5,6,4,4,4,3,3,5,4,4,3,5,3,5,5,4,4,5,4,4,4,4,4,4,3,3,3,5,4,5,3,5,5,4,4
R_00061,D005,3,4,5,5,3,4,3,5,3,3,3,4,3,4,4,4,5,4,4,6,4,5,4,3,5,5,3,4,4,4,4,5,5,5,4,3,4,4,3,5,5,5,5,4,4,3,4,3,4,3,3,5,4,4,4,3,5,4,5,4,5,5
R_00062,D005,3,5,4,5,5,4,4,5,4,4,5,4,4,4,4,3,3,3,4,3,3,4,5,3,3,5,5,4,4,3,3,5,3,3,4,3,4,3,4,3,3,3,5,4,4,3,5,5,3,3,4,6,5,3,5,4,5,5,3,5,3,5
R_00063,D006,4,3,4,3,3,5,4,4,3,3,4,4,3,5,4,3,4,3,4,5,5,5,4,4,4,3,4,3,5,5,4,4,5,5,5,3,3,4,3,5,3,5,4,3,5,5,4,3,2,4,5,3,4,3,4,3,5,4,4,3,4,5
R_00064,D006,4,4,4,4,4,4,5,5,5,5,5,4,5,3,3,4,4,4,5,5,3,6,3,3,3,6,4,3,3,3,3,4,6,5,4,5,5,6,5,5,4,3,5,5,4,3,5,4,3,3,3,4,3,3,6,5,4,4,5,4,5,3
R_00065,D001,5,5,3,5,3,4,3,5,4,3,4,3,3,3,5,5,5,5,5,4,4,5,4,5,5,5,4,4,4,2,3,2,4,5,4,3,3,5,4,2,5,3,3,4,5,3,5,4,3,5,3,5,4,5,4,3,4,5,3,3,3,4
R_00066,D003,5,4,4,4,4,4,2,4,4,4,5,5,5,4,5,5,3,3,4,2,5,4,4,4,3,4,3,5,4,3,4,2,3,4,3,4,3,4,3,4,4,3,4,3,4,3,5,3,3,3,4,3,2,3,3,3,3,3,5,3,5,3
R_00067,D007,6,5,5,5,4,5,5,4,5,3,5,4,5,4,4,4,5,6,4,3,3,6,6,4,5,5,4,5,4,5,4,5,6,4,4,5,3,3,5,4,5,5,6,3,3,4,4,4,4,5,4,4,6,4,5,6,4,4,3,5,5,6
R_00068,D010,3,2,2,5,4,2,3,4,2,3,3,4,5,3,3,3,4,2,5,2,4,5,3,4,5,4,3,3,5,4,3,4,4,4,4,4,4,3,3,4,4,3,3,3,3,2,5,5,3,3,2,5,5,4,2,3,3,3,2,3,3,4
R_00069,D006,4,3,3,3,3,3,4,5,5,4,3,4,5,3,5,3,3,4,4,3,4,3,2,2,4,3,2,3,4,4,3,3,4,3,3,5,5,4,5,3,5,5,2,4,2,4,3,5,5,5,3,4,3,4,3,4,2,4,4,4,5,4
R_00070,D009,3,4,2,5,4,3,4,3,5,5,3,3,4,3,3,3,3,5,2,2,5,4,4,3,3,3,3,4,5,5,4,2,4,4,5,3,3,5,5,5,5,4,3,4,3,3,5,4,4,3,4,3,3,3,5,3,5,5,4,3,3,3
R_00071,D005,2,4,4,3,2,5,5,3,5,4,4,4,4,4,4,4,3,4,3,4,3,5,3,5,3,4,3,4,5,4,4,4,3,3,4,3,5,3,4,5,3,5,3,4,5,4,3,4,5,3,2,3,3,5,5,3,5,4,3,4,3,4
R_00072,D004,4,3,5,4,4,5,5,3,3,4,4,3,6,4,4,4,6,4,4,5,4,5,5,4,3,5,6,4,6,4,4,5,6,5,4,6,4,4,3,5,3,5,5,4,4,4,6,3,3,4,3,4,4,3,5,3,4,6,5,5,5,3
R_00073,D012,4,5,4,4,5,4,3,3,5,4,5,4,5,5,3,5,4,3,5,4,4,3,4,3,4,3,3,5,4,4,4,4,3,4,4,3,3,4,3,4,3,4,5,3,3,4,4,5,3,5,5,3,3,5,4,5,3,5,4,4,4,4
R_00074,D001,5,4,5,4,3,2,5,3,3,5,5,3,2,5,5,5,5,2,4,3,4,2,3,4,3,4,3,4,4,3,4,2,4,4,2,3,3,5,4,2,4,2,3,3,5,4,5,2,5,4,3,3,5,3,3,5,4,3,4,4,5,2
R_00075,D005,4,4,3,4,4,4,3,5,4,5,4,5,5,5,3,4,3,3,5,5,3,4,5,4,4,3,3,3,5,5,4,4,3,3,4,5,5,3,5,4,3,6,5,3,5,5,3,4,5,3,3,5,5,5,5,4,4,4,5,5,5,3
R_00076,D012,3,4,4,3,4,3,3,4,3,4,4,4,4,4,3,5,4,3,3,2,4,2,3,3,4,5,4,2,5,5,5,4,3,3,3,3,2,4,3,3,4,4,4,4,5,4,4,3,5,2,5,4,3,4,4,4,4,2,3,3,3,5
R_00077,D007,4,3,4,3,5,4,5,3,5,5,5,3,4,4,3,4,5,3,4,3,4,5,5,5,3,3,4,4,4,4,5,4,5,4,4,5,5,4,4,3,5,3,5,4,3,5,4,4,3,3,3,4,3,4,5,4,2,5,3,4,4,4
R_00078,D001,3,4,4,4,5,3,3,5,3,5,5,5,3,5,3,4,3,5,4,5,4,5,3,4,4,5,3,3,4,4,3,4,4,3,3,5,3,4,4,5,4,3,5,4,6,4,5,5,6,3,4,4,4,6,4,3,4,4,4,4,3,4
R_00079,D011,3,3,5,3,6,5,6,4,4,5,5,3,4,4,5,4,4,4,3,5,4,5,5,3,4,4,4,5,6,5,5,4,5,6,5,4,5,4,5,5,4,5,4,5,4,5,5,6,4,6,4,3,6,5,6,5,4,5,6,5,5,4
R_00080,D001,4,3,4,5,3,3,3,5,5,5,4,2,4,4,3,5,5,4,5,3,5,5,5,4,3,5,4,5,4,2,5,4,4,3,4,3,4,4,3,4,3,5,3,3,3,3,4,3,3,3,2,4,4,3,3,3,3,5,3,3,3,4
R_00081,D006,3,4,4,3,3,4,3,4,4,5,5,4,3,5,5,4,4,5,5,4,3,5,5,4,4,4,5,4,3,3,5,4,5,4,5,4,5,5,4,3,4,3,4,3,5,4,3,3,5,5,3,4,5,4,4,4,4,4,5,4,3,5
R_00082,D008,4,5,4,3,5,3,6,5,4,5,4,4,5,3,6,3,3,5,5,4,4,5,3,5,5,5,5,3,3,3,4,4,5,3,5,4,4,6,4,6,4,6,4,3,3,6,4,3,4,4,4,3,5,5,4,5,5,3,5,4,4,4
R_00083,D006,5,4,3,4,5,5,3,6,5,3,3,3,5,4,4,6,3,4,4,4,5,4,4,3,4,4,4,4,3,4,4,5,3,4,4,4,4,5,4,5,3,4,5,3,5,5,5,5,4,3,5,3,4,5,5,3,4,5,3,3,4,5
R_00084,D007,4,5,4,5,5,3,3,5,5,5,4,3,4,3,3,5,5,4,3,3,4,5,3,3,3,5,3,3,3,4,3,4,5,3,5,4,5,5,4,3,3,5,3,4,5,5,3,4,4,3,5,4,4,5,3,3,4,3,5,5,4,4
R_00085,D011,3,5,3,5,4,5,5,5,3,5,4,5,4,5,5,3,3,3,4,4,5,5,5,4,3,3,5,3,4,4,5,3,3,3,4,3,3,3,3,3,5,4,5,5,4,5,3,5,3,4,5,4,5,5,5,3,4,5,4,5,3,4
R_00086,D015,4,3,3,5,4,4,3,6,4,4,4,6,5,3,4,3,5,3,5,6,5,3,3,4,4,4,5,3,5,6,5,4,5,5,4,4,6,4,4,5,5,5,4,3,6,5,4,4,6,4,5,4,5,6,3,4,6,3,4,5,5,3
R_00087,D001,3,4,5,4,3,3,4,5,3,3,5,4,4,3,4,3,4,5,4,5,2,3,5,3,3,5,4,4,4,5,3,4,5,2,3,4,4,5,3,4,3,3,3,3,5,4,3,4,5,3,4,5,3,5,4,5,5,4,3,5,4,3
R_00088,D013,5,5,4,3,3,4,5,4,4,6,3,3,5,5,5,3,4,3,3,3,5,5,4,5,5,5,3,5,4,4,6,5,3,3,4,6,5,5,4,3,4,3,4,3,4,5,4,3,5,5,4,3,5,5,6,4,3,5,3,5,4,4
R_00089,D005,5,3,5,6,3,5,4,3,5,5,5,4,3,5,4,5,4,3,5,5,4,3,4,4,5,3,6,4,4,3,5,5,6,3,3,5,3,3,5,4,3,4,5,5,5,5,5,3,6,5,3,5,4,6,5,5,4,5,5,4,4,5
R_00090,D014,3,4,3,6,3,4,5,3,4,4,5,5,4,3,4,3,5,5,3,3,5,3,4,4,5,5,5,3,4,5,5,4,5,4,4,4,5,3,5,4,3,4,3,5,4,5,5,3,5,5,3,5,5,5,3,4,4,4,3,4,3,5
R_00091,D004,4,3,4,6,5,6,4,5,4,4,4,5,4,3,4,4,5,3,5,5,5,4,5,5,6,5,6,3,6,4,3,6,4,6,3,4,5,4,6,5,5,4,6,5,3,4,4,5,4,3,6,4,6,5,4,4,5,4,5,5,6,4
R_00092,D005,4,3,3,4,5,4,2,3,3,3,5,4,3,5,5,4,4,3,3,2,3,3,3,3,4,2,3,3,3,4,3,3,5,3,4,3,4,3,2,4,5,3,4,4,3,5,5,4,3,4,5,3,4,4,5,3,4,3,3,5,3,2
R_00093,D001,4,3,5,3,3,4,4,5,3,4,3,4,4,5,5,4,3,5,4,4,3,4,6,5,3,5,4,6,5,4,5,6,4,5,3,4,3,3,4,5,6,3,6,5,3,4,5,4,4,5,5,3,3,4,4,3,5,5,4,4,4,3
R_00094,D001,5,5,4,4,5,4,4,4,3,3,3,5,2,4,4,4,5,4,4,4,3,4,4,5,3,2,3,5,3,3,3,4,5,3,3,4,5,4,5,3,3,5,4,5,5,4,3,4,4,3,4,5,2,4,3,4,3,5,3,3,3,3
R_00095,D015,5,4,4,4,5,3,4,3,5,5,4,4,4,5,5,4,5,4,5,3,5,3,5,3,3,3,3,3,5,5,3,5,5,3,3,5,4,3,3,3,3,5,5,5,5,3,5,3,4,3,5,5,5,4,3,4,5,3,4,3,4,3
R_00096,D004,3,5,4,5,2,3,4,4,3,4,4,5,3,3,3,3,3,3,5,3,3,3,4,4,4,2,3,3,3,4,3,5,4,4,3,5,3,2,5,4,4,3,5,4,3,4,4,2,3,3,4,2,5,5,2,5,3,4,5,3,5,4
R_00097,D005,4,4,5,5,4,4,5,4,4,4,5,3,3,4,5,3,3,3,3,5,6,4,5,3,5,3,3,5,5,5,3,5,4,3,4,5,4,6,3,4,5,4,4,4,4,3,4,5,4,5,4,3,5,4,3,5,5,5,4,4,5,4
R_00098,D006,5,4,4,5,3,3,3,5,4,5,3,5,4,3,4,4,4,4,3,4,4,5,3,3,4,3,3,4,5,4,5,3,5,4,5,4,4,4,5,3,5,4,4,5,4,4,4,4,4,5,5,5,4,3,3,5,4,3,5,3,5,3
R_00099,D005,4,3,3,4,4,3,4,3,4,3,3,4,3,4,3,2,4,5,4,3,5,4,3,5,4,4,4,3,4,4,4,3,3,3,4,3,3,3,5,2,3,3,5,4,3,4,3,2,3,3,5,3,4,3,4,2,3,2,3,4,4,3
R_00100,D013,4,3,6,3,5,6,6,4,4,5,3,6,5,3,3,5,6,5,5,6,6,4,6,4,3,5,4,5,4,5,4,4,3,3,6,4,4,5,4,4,6,4,4,5,6,6,6,4,5,5,3,6,5,5,5,6,5,5,4,5,4,6
R_00101,D006,3,5,5,4,6,4,6,4,3,5,4,3,5,6,5,5,5,4,3,5,5,6,4,4,5,5,5,5,5,5,4,4,5,5,5,4,3,3,5,5,5,3,4,5,4,3,3,4,6,5,5,5,5,5,4,4,5,4,5,5,5,3
R_00102,D006,5,5,5,3,5,5,4,4,5,5,3,4,3,3,3,3,2,3,5,3,4,3,5,4,4,3,4,3,5,5,3,4,3,5,4,5,3,4,3,3,3,3,3,4,5,3,4,4,2,3,3,4,4,4,4,4,3,2,2,3,3,5
R_00103,D015,6,5,5,3,4,5,4,4,4,6,5,5,4,4,6,6,3,4,5,3,3,3,3,6,5,5,6,4,6,5,5,4,4,6,4,6,5,3,5,5,5,3,3,4,3,4,5,4,6,6,3,4,5,4,4,5,6,3,3,6,3,3
R_00104,D007,5,4,4,5,4,4,4,3,5,4,5,2,4,4,3,4,5,5,3,3,5,4,4,5,4,2,5,4,5,3,4,4,5,4,3,2,4,3,2,2,5,3,3,3,5,5,3,5,3,5,3,5,4,3,4,4,5,3,4,3,4,5
R_00105,D007,5,4,4,4,5,5,4,4,4,3,4,4,3,5,3,4,4,4,3,4,5,4,3,3,5,5,4,3,3,3,3,3,4,3,4,4,3,3,3,4,3,4,3,3,4,3,5,3,4,4,5,4,3,5,5,3,3,5,4,5,3,4
R_00106,D001,3,4,4,5,5,4,4,4,5,3,4,4,3,3,2,2,2,2,5,5,3,4,4,3,4,4,3,3,4,4,2,3,3,4,5,4,5,4,3,4,5,2,2,4,4,5,5,4,4,4,3,4,4,4,4,4,5,4,4,4,3,3
R_00107,D001,4,4,4,6,4,5,3,4,3,4,4,4,6,4,5,5,5,3,4,5,6,5,5,5,5,5,5,5,4,5,5,3,3,5,3,4,6,4,4,3,3,6,4,3,5,6,3,3,4,5,3,4,4,4,4,3,6,4,3,5,4,5
R_00108,D011,4,4,5,3,3,5,5,6,5,3,3,5,6,6,3,4,4,4,5,3,5,4,3,5,4,4,5,4,5,4,4,3,4,5,4,5,3,5,4,4,5,4,4,4,5,5,4,3,3,3,5,6,3,4,6,3,3,5,5,5,6,3
R_00109,D009,5,4,4,4,5,4,4,5,5,3,4,4,5,5,4,3,4,5,5,5,5,5,4,3,4,3,4,5,5,3,6,4,3,4,4,5,3,3,5,4,3,5,5,6,3,3,4,5,4,3,5,3,4,5,4,6,5,6,4,5,5,4
R_00110,D008,3,5,4,4,4,4,3,3,4,5,3,3,4,5,3,3,5,4,4,3,4,4,4,4,3,4,4,4,5,4,5,5,3,3,4,3,4,5,3,3,4,5,5,3,5,4,4,3,4,2,3,3,5,3,4,5,3,4,2,5,5,3
R_00111,D012,3,4,5,4,4,4,5,5,4,5,4,5,4,4,4,4,5,3,5,4,4,3,4,4,5,5,5,4,5,5,4,5,5,4,3,4,3,4,4,3,4,3,4,5,3,5,3,3,5,3,5,5,4,5,4,4,3,5,3,4,4,5
R_00112,D005,3,3,3,3,3,3,3,3,3,4,3,2,2,3,3,3,3,3,5,3,3,5,4,4,5,3,3,2,4,3,4,3,3,5,3,5,4,3,4,5,3,3,3,4,3,5,3,5,5,4,4,5,4,2,4,5,3,5,2,5,4,4
R_00113,D013,3,4,4,4,3,5,4,3,4,3,3,4,3,4,4,5,3,4,3,3,5,4,3,5,3,4,4,2,4,4,2,4,5,4,4,5,4,5,4,5,4,3,2,5,4,4,3,5,5,3,3,5,4,2,4,5,4,3,2,3,5,3
R_00114,D001,4,5,3,4,4,3,5,5,3,3,5,4,5,4,4,4,5,4,5,4,3,3,3,3,4,3,4,5,3,5,6,5,4,3,4,4,5,5,5,3,5,4,6,3,5,4,4,5,5,3,3,4,4,3,3,3,4,3,5,6,4,3
R_00115,D005,3,4,2,4,5,4,4,3,3,2,3,3,2,3,5,5,4,4,4,4,4,2,2,2,3,5,2,3,5,3,3,4,2,4,4,3,3,2,4,3,4,4,2,3,5,5,4,3,5,5,4,3,3,2,4,2,5,3,4,4,3,3
R_00116,D011,3,5,3,3,4,5,5,3,5,5,3,3,3,4,2,4,4,3,4,5,5,4,3,3,5,5,3,4,5,5,4,3,4,5,4,4,3,4,5,3,3,2,3,3,4,3,5,5,3,5,3,3,5,4,3,3,3,3,3,4,5,3
R_00117,D001,3,5,4,3,4,3,2,5,5,2,4,3,5,3,5,3,3,5,4,5,5,5,5,5,2,3,5,5,3,3,3,4,5,3,2,4,3,4,5,3,2,5,5,5,5,5,3,2,4,4,2,4,4,4,4,4,4,3,3,4,4,4
R_00118,D005,5,4,3,3,3,5,4,3,5,4,5,4,4,3,3,4,3,4,4,4,4,4,4,5,3,4,3,3,4,3,3,5,4,4,5,5,3,3,3,3,3,3,3,5,4,3,5,5,5,5,5,5,2,3,5,5,4,4,4,4,4,4
R_00119,D012,3,3,4,4,4,5,4,4,4,5,3,3,4,4,3,3,4,3,4,3,5,2,5,5,3,3,4,3,4,4,3,2,5,5,3,5,3,4,4,4,5,5,3,3,4,3,2,4,4,5,2,2,4,2,4,4,3,2,5,3,3,4
R_00120,D001,4,3,5,3,3,2,4,3,2,5,5,2,3,3,4,3,4,5,4,4,4,3,2,2,2,3,4,4,5,5,3,4,4,3,5,3,4,4,3,4,4,3,3,5,4,3,5,3,4,3,5,3,5,3,4,3,5,4,4,3,4,5
R_00121,D007,3,3,5,4,4,4,5,4,3,5,5,4,5,6,4,3,3,6,4,5,4,3,5,4,6,3,5,6,4,3,3,4,5,4,3,5,5,3,4,4,3,5,4,5,6,5,5,5,6,4,4,3,3,5,5,6,4,4,3,4,6,4
R_00122,D004,3,5,5,5,3,3,4,3,4,4,3,3,4,5,3,3,4,3,4,4,4,4,3,5,5,4,3,3,4,4,6,3,4,6,5,3,6,4,6,5,5,6,5,4,5,5,4,5,4,4,4,4,4,5,3,4,6,3,5,5,4,5
R_00123,D012,3,4,4,3,3,3,5,4,5,5,4,3,5,5,4,6,5,3,3,5,4,3,4,5,5,3,5,5,4,4,4,4,3,5,3,3,5,3,3,3,4,5,5,3,3,5,4,5,3,3,3,3,4,5,3,5,3,6,4,3,4,4
R_00124,D011,5,5,3,4,5,5,6,5,3,5,4,4,4,4,5,3,3,4,3,3,3,4,5,4,6,6,6,4,4,5,5,4,3,6,4,4,3,4,4,5,5,4,4,5,5,5,6,5,3,3,5,5,5,5,5,4,4,5,4,5,6,5
R_00125,D001,5,6,4,5,5,4,3,4,5,4,4,6,5,4,4,4,5,5,3,5,5,4,3,5,6,4,4,6,5,3,3,5,4,5,5,3,4,5,3,3,6,4,5,3,3,3,5,4,5,4,5,5,5,3,4,4,4,4,5,4,5,3
R_00126,D001,3,4,6,3,4,3,5,6,5,6,4,4,4,4,5,6,5,6,5,4,3,4,4,3,4,5,5,5,3,5,5,4,5,5,4,5,5,4,4,3,6,6,5,3,4,3,5,4,4,5,4,5,3,4,6,6,6,5,5,5,4,3
R_00127,D003,4,5,4,3,5,3,5,4,5,3,4,3,5,3,3,5,4,3,4,5,3,5,5,5,3,3,4,5,3,3,4,5,3,5,5,5,5,4,4,4,5,5,4,4,4,5,5,3,3,3,3,5,5,5,3,4,5,5,4,3,3,4
R_00128,D013,4,4,5,5,5,5,4,4,5,4,3,6,5,4,4,5,3,5,5,5,5,4,6,3,6,5,4,5,4,5,4,6,4,5,4,5,5,5,3,6,4,4,4,6,5,6,6,5,4,5,6,5,4,5,4,5,4,6,4,3,5,5
R_00129,D012,5,4,3,3,5,4,3,4,5,5,3,5,5,5,6,3,6,4,5,6,3,6,3,3,6,5,5,6,5,4,3,4,4,5,6,5,4,5,5,5,5,5,5,4,5,4,3,3,4,5,4,3,5,5,4,5,5,3,4,5,4,5
R_00130,D001,5,4,3,5,2,4,4,5,4,4,4,4,4,2,4,5,5,3,4,3,4,4,2,2,3,3,4,5,2,5,4,3,4,3,5,2,3,5,4,4,4,3,4,4,4,5,3,4,3,2,5,3,3,3,5,5,4,3,3,2,4,2
R_00131,D005,5,4,3,3,4,4,4,3,5,5,4,3,3,4,5,4,4,3,5,4,2,4,3,3,3,4,3,4,3,3,3,5,3,2,4,5,4,3,5,3,5,3,5,4,4,4,5,4,4,5,3,5,4,3,5,5,4,4,5,4,3,2
R_00132,D007,3,3,4,2,4,5,4,3,4,4,3,5,5,4,3,3,5,5,5,3,5,5,3,3,2,2,4,5,3,2,4,4,4,5,5,3,4,4,4,4,5,5,4,3,4,5,4,4,4,4,3,4,5,5,5,4,4,4,5,4,5,4
R_00133,D005,5,4,5,3,3,3,2,5,3,4,4,2,3,3,3,4,4,3,3,5,4,5,2,3,4,4,3,4,3,3,2,5,3,3,2,4,2,4,3,2,4,3,4,3,3,3,3,3,5,2,3,5,3,3,3,3,5,3,3,2,3,4
R_00134,D015,3,4,4,3,3,4,5,4,3,4,5,4,5,5,3,2,2,2,3,4,4,3,4,3,5,4,3,3,4,4,3,3,4,3,4,5,5,3,5,3,4,5,4,4,3,5,4,4,3,3,2,5,5,3,4,2,2,3,3,4,3,3
R_00135,D007,4,3,3,3,4,4,3,3,3,3,5,3,4,5,3,3,5,4,3,3,3,4,5,4,5,4,5,4,4,4,3,4,5,3,5,3,4,5,4,3,5,5,3,4,4,5,5,3,5,3,3,4,3,5,5,5,5,5,4,5,5,3
R_00136,D006,4,3,5,5,3,3,5,5,5,5,4,5,6,6,3,5,4,5,4,4,3,3,4,5,6,5,4,5,5,4,4,5,5,3,3,4,3,3,6,6,4,5,5,4,5,5,3,4,5,4,3,5,5,5,4,5,4,3,5,5,4,6
R_00137,D004,5,6,5,5,3,5,4,5,6,5,5,5,4,4,5,5,5,3,4,5,4,6,3,4,4,6,4,4,5,5,3,3,4,4,5,3,3,4,6,6,3,5,5,5,5,4,3,5,5,5,3,4,3,3,5,3,6,6,3,5,4,5
R_00138,D004,4,4,3,3,3,3,5,4,3,5,3,3,4,5,3,5,3,4,3,4,3,5,4,5,5,3,3,3,3,5,4,4,3,5,5,5,4,3,4,4,5,3,4,3,5,4,3,5,4,5,5,5,3,2,5,3,4,3,4,5,5,4
R_00139,D001,5,3,3,6,3,4,4,4,5,4,5,4,5,5,3,4,4,4,4,5,4,4,4,4,5,5,5,3,3,6,3,4,5,5,3,4,5,5,5,3,3,5,5,5,3,5,3,3,5,5,4,3,5,4,5,5,3,5,5,3,4,3
R_00140,D001,5,3,3,5,5,5,3,4,4,5,5,3,3,5,3,5,4,3,5,5,5,4,5,5,4,5,4,3,5,4,6,3,3,4,3,3,5,4,5,5,4,4,4,5,3,5,5,3,3,3,4,5,3,3,4,3,4,5,3,4,4,3
R_00141,D005,5,5,5,3,4,6,3,4,4,4,4,5,5,6,5,3,4,5,3,5,3,5,4,5,6,4,3,4,6,3,5,6,5,5,5,3,6,5,5,5,6,4,5,4,4,6,4,6,5,4,4,5,3,3,5,4,5,3,6,5,6,5
R_00142,D001,3,5,3,3,3,2,3,4,3,4,3,5,4,3,2,4,2,5,3,5,5,2,3,5,5,3,4,4,3,5,4,4,4,4,3,5,2,5,3,3,3,2,3,3,2,3,4,5,3,2,4,5,5,4,3,3,3,5,4,4,4,3
R_00143,D001,4,4,3,2,4,3,5,3,3,4,2,5,5,4,3,4,2,2,3,3,4,5,4,4,3,5,2,5,3,4,3,3,3,4,4,3,4,3,4,3,2,5,4,2,4,4,3,5,5,4,4,3,3,4,3,5,2,5,3,4,2,4
R_00144,D012,3,5,2,3,5,3,4,3,3,3,5,5,4,2,5,2,5,4,5,4,4,3,3,3,4,4,4,2,3,3,3,4,4,3,5,4,3,3,4,5,5,5,5,2,4,4,3,4,4,5,2,3,4,2,3,3,3,3,3,3,4,2
R_00145,D015,4,5,5,5,3,4,4,4,6,4,5,5,4,4,6,4,3,3,4,5,5,5,4,6,6,4,6,3,5,5,5,5,3,5,6,3,6,4,4,3,5,4,5,5,5,5,4,5,6,4,3,4,5,5,3,5,6,3,4,5,3,4
R_00146,D009,3,5,3,4,3,5,5,5,4,3,5,4,4,4,3,4,4,3,3,5,3,4,3,5,4,4,2,3,5,3,4,3,3,5,5,3,2,3,4,4,2,5,5,4,4,4,3,5,5,3,2,2,4,3,5,3,3,3,3,5,5,3
R_00147,D007,4,5,4,5,4,4,4,4,3,5,6,4,4,5,5,4,5,6,4,6,4,5,5,5,5,4,5,4,5,3,3,3,4,5,4,5,5,6,4,3,3,4,5,4,3,5,4,5,3,4,3,4,4,5,6,5,4,5,5,3,4,5
R_00148,D014,3,6,4,5,4,4,3,5,4,6,4,3,3,4,4,5,4,5,5,6,6,4,5,4,6,6,3,5,3,3,5,5,4,5,4,5,4,5,4,5,4,5,6,3,4,5,3,3,3,3,4,5,4,3,3,6,4,6,6,6,5,4
R_00149,D012,5,2,3,4,5,3,3,3,3,2,5,4,5,5,3,3,2,4,4,4,5,3,4,3,3,3,2,4,5,4,4,3,2,5,2,2,3,5,3,2,3,4,4,5,4,3,3,3,4,5,3,3,5,5,4,4,3,3,3,3,5,4
R_00150,D003,5,4,6,3,3,5,4,4,6,3,4,3,4,4,3,4,3,5,5,4,4,4,5,4,4,4,5,5,6,4,3,3,4,3,3,4,5,5,4,3,5,6,4,3,5,4,4,5,5,3,4,5,4,4,6,4,4,3,3,6,3,3
R_00151,D007,3,3,3,4,5,4,5,4,4,3,3,5,4,5,5,4,3,3,3,3,5,4,5,5,3,4,3,2,3,4,5,5,5,5,4,3,4,5,2,5,5,4,3,4,3,5,5,3,5,3,5,4,5,5,4,5,4,5,4,3,4,5
R_00152,D006,5,3,3,4,3,4,4,4,5,5,3,5,4,4,4,3,5,4,4,3,3,5,2,3,3,4,3,3,4,4,2,3,3,3,5,4,5,3,3,3,5,3,4,3,3,4,3,5,4,4,5,3,3,3,3,4,4,3,4,4,3,3
R_00153,D007,3,4,4,4,3,5,4,3,4,3,5,4,4,4,4,4,2,4,5,4,5,4,3,3,4,3,4,4,3,5,3,4,2,5,5,4,2,2,5,4,3,3,3,4,3,2,5,4,5,2,3,3,5,4,3,4,5,3,3,5,2,4
R_00154,D010,2,4,2,2,3,4,5,3,2,2,3,5,5,5,4,5,4,5,4,3,4,3,5,4,3,4,4,4,3,4,5,4,4,3,4,2,3,3,2,3,4,2,3,4,5,4,2,5,5,4,4,3,5,3,5,4,3,4,3,2,4,3
R_00155,D011,4,5,3,5,3,4,5,4,3,4,4,4,5,5,4,3,3,5,3,4,4,2,5,3,3,3,5,4,5,5,5,5,3,5,3,5,5,4,3,4,3,5,3,5,4,5,5,3,4,3,5,4,3,3,4,3,3,3,5,5,3,4
R_00156,D009,3,5,5,4,4,4,3,3,5,5,5,4,5,4,4,4,5,4,3,3,4,4,3,3,5,4,3,3,4,4,3,5,5,3,5,3,5,6,3,4,5,5,4,4,3,5,3,4,5,3,3,4,3,4,5,3,4,5,5,5,5,3
R_00157,D001,6,5,5,3,6,6,5,5,3,5,6,4,3,3,4,5,4,4,5,6,3,3,5,5,5,6,5,5,5,3,5,5,4,4,3,4,6,6,4,4,4,3,4,5,4,5,6,5,5,6,3,5,5,3,3,3,3,4,5,4,4,5
R_00158,D007,2,3,4,4,4,3,5,3,4,5,4,3,4,4,3,4,4,2,5,4,4,3,3,3,5,3,4,3,3,5,3,5,4,4,3,2,4,2,3,3,5,2,3,4,4,5,3,2,3,3,3,2,3,4,3,2,4,5,5,5,5,4
R_00159,D012,5,4,4,5,5,3,3,4,5,4,5,5,4,4,4,4,3,3,5,5,3,2,5,5,3,3,4,3,4,4,3,4,5,5,4,3,4,3,3,3,4,4,4,5,4,5,3,3,5,3,4,3,3,3,5,3,5,3,4,3,4,2
R_00160,D002,4,5,4,2,4,2,4,3,3,4,5,3,4,4,3,2,3,4,3,3,3,5,3,4,5,2,3,4,3,3,4,3,5,4,3,2,5,5,2,4,4,4,4,4,4,3,3,5,2,4,3,5,2,2,5,3,4,4,4,3,4,5
R_00161,D007,3,4,3,3,5,3,3,3,4,3,3,4,2,3,4,5,3,3,4,5,4,4,3,3,4,5,2,4,4,3,4,2,3,3,3,2,3,5,4,4,4,5,5,2,2,3,4,5,4,2,2,3,4,5,2,5,5,5,3,3,4,4
R_00162,D002,6,5,5,6,3,5,4,4,4,4,5,4,4,3,3,5,6,6,3,6,5,4,5,4,4,4,5,6,3,4,4,5,6,5,5,4,4,4,3,3,5,5,6,4,4,5,5,3,4,3,4,4,6,4,6,6,5,6,5,3,4,5
R_00163,D012,5,5,4,4,2,5,2,3,5,4,4,4,5,3,2,4,5,3,3,3,5,5,4,2,3,2,4,4,3,4,3,4,4,4,4,3,5,3,5,4,3,5,4,5,2,4,2,2,3,5,4,3,2,4,4,3,3,5,5,5,4,2
R_00164,D001,3,3,4,3,4,4,4,4,5,3,3,3,3,4,5,4,4,4,3,3,5,5,3,5,4,5,3,4,4,3,5,5,5,4,5,4,4,3,3,4,5,5,3,5,3,4,4,4,4,5,3,5,4,5,3,4,4,3,3,4,5,4
R_00165,D005,3,5,5,3,5,5,5,4,5,4,4,3,3,4,5,3,5,5,4,3,5,5,3,3,5,3,4,4,3,4,3,5,3,3,3,5,5,3,5,3,3,3,5,5,4,3,5,4,3,5,5,3,4,4,4,4,3,3,3,3,5,4
R_00166,D005,5,4,4,5,4,3,2,4,3,3,4,2,3,5,3,3,3,4,4,3,5,5,2,3,5,4,3,3,4,4,4,4,3,4,3,3,3,3,3,4,3,2,4,4,4,4,3,4,3,4,4,5,5,2,2,4,3,4,3,4,3,3
R_00167,D015,3,3,4,4,4,4,3,3,3,3,5,4,4,4,3,4,2,4,3,4,4,4,3,3,5,5,4,5,2,4,5,2,3,2,2,5,3,3,4,4,3,2,3,3,3,4,3,4,5,3,5,5,4,3,4,3,3,4,4,2,2,4
R_00168,D005,3,5,4,5,3,5,4,3,5,5,4,4,3,5,5,3,5,3,3,5,3,5,2,4,4,4,3,4,3,4,3,3,4,3,4,4,5,5,5,5,5,4,5,4,4,5,4,4,4,3,2,3,4,4,4,3,4,5,5,3,3,5
R_00169,D001,4,2,3,3,4,3,5,4,3,3,4,3,5,3,4,5,5,5,5,5,4,4,4,5,5,5,3,3,5,3,5,5,3,4,5,3,4,3,3,4,5,3,4,2,5,5,3,5,5,4,5,4,5,4,5,4,3,5,4,5,3,4
R_00170,D005,4,3,4,5,2,3,3,3,4,4,4,4,3,2,4,3,4,5,4,5,3,3,2,4,3,5,4,5,3,4,3,2,4,3,3,3,3,3,5,3,3,4,3,4,4,3,4,4,4,5,2,5,3,4,3,4,3,5,5,3,4,4
R_00171,D012,3,5,4,4,3,3,5,3,3,5,4,4,5,3,5,5,5,3,4,4,5,3,6,4,4,3,3,5,4,5,4,4,5,4,4,4,5,4,6,5,5,5,4,4,5,6,4,3,4,6,5,6,6,3,6,5,3,4,6,6,4,5
R_00172,D012,3,2,3,5,3,3,3,3,3,3,5,5,4,4,3,4,5,5,5,4,5,5,5,3,3,5,3,5,5,5,5,4,4,3,4,5,4,3,4,5,4,3,5,4,5,5,4,3,3,3,4,3,4,4,3,4,5,3,5,4,3,5
R_00173,D013,3,5,3,5,5,3,3,4,4,4,4,5,4,5,3,3,4,4,5,4,4,4,3,4,4,5,5,4,4,4,3,3,5,4,3,5,5,4,3,3,3,4,4,5,5,3,3,3,5,4,3,4,3,3,4,4,4,3,5,3,3,3
R_00174,D011,4,3,6,5,3,5,5,5,4,4,3,4,3,6,5,5,4,6,3,5,5,4,3,5,3,5,5,5,4,3,3,3,4,4,5,3,5,4,4,5,4,5,5,3,5,4,5,5,3,4,3,4,3,3,4,6,4,3,3,4,3,3
R_00175,D011,5,5,4,4,6,3,4,4,4,4,5,3,5,5,4,3,5,6,5,5,4,3,6,4,4,4,5,3,5,3,4,4,6,3,6,4,4,4,6,3,5,5,3,3,6,5,3,3,5,5,4,4,5,4,5,4,4,3,5,6,5,4
R_00176,D007,5,4,4,5,4,5,3,3,4,3,4,3,5,4,4,5,4,4,4,3,4,5,4,5,5,3,3,4,4,3,4,5,5,4,4,5,5,3,3,5,3,5,5,3,3,5,3,4,3,4,5,5,5,4,3,4,3,5,3,4,5,2
R_00177,D001,5,6,5,3,4,3,5,3,5,5,4,3,4,5,4,4,5,5,4,5,4,5,4,3,3,3,5,5,3,3,4,4,5,5,3,3,5,3,5,4,3,3,4,4,5,5,4,4,5,3,4,3,4,4,4,6,3,5,4,4,4,5
R_00178,D010,3,3,4,2,3,3,4,3,4,4,5,3,4,3,3,3,5,3,3,5,4,3,4,3,5,2,5,3,3,3,3,4,5,4,3,4,5,5,5,5,4,4,3,3,4,3,2,3,2,4,4,4,5,5,2,4,3,3,4,4,4,3
R_00179,D010,3,4,4,3,3,5,3,5,4,3,3,4,4,4,4,5,3,4,3,3,3,3,4,3,4,4,4,5,3,5,5,3,5,4,4,2,5,4,4,3,4,4,5,3,5,3,3,4,3,4,5,5,4,3,5,4,3,3,4,3,5,4
R_00180,D009,3,5,5,3,4,3,4,3,3,4,4,3,3,5,5,5,4,3,5,5,4,5,5,3,5,4,5,3,3,4,4,5,4,4,4,4,5,4,5,4,5,5,5,3,5,3,5,3,4,4,5,4,4,3,3,4,5,3,3,4,4,5
R_00181,D007,3,5,5,6,4,4,5,4,3,5,4,4,6,3,3,5,4,5,4,3,3,4,4,3,4,5,5,4,5,4,3,5,3,5,5,4,6,6,4,6,4,4,4,4,5,5,4,5,3,3,4,4,4,3,5,6,5,3,4,3,4,5
R_00182,D012,4,4,5,4,5,5,4,5,5,3,5,4,5,5,5,4,3,4,5,5,4,3,4,4,4,5,5,4,3,4,3,5,3,3,4,3,3,5,3,4,4,5,4,4,5,5,3,5,3,3,3,4,5,5,4,5,3,3,3,3,3,4
R_00183,D005,4,4,3,6,4,5,4,4,5,5,4,4,4,4,4,5,3,3,6,5,3,5,3,4,5,5,4,4,6,5,4,4,3,4,3,5,4,6,4,6,5,4,5,4,6,3,5,4,4,6,4,5,4,3,4,5,3,3,5,5,3,5
R_00184,D014,4,4,3,3,5,6,5,5,3,5,3,3,4,4,5,5,3,4,5,4,5,3,5,5,3,4,4,4,3,3,5,3,6,3,4,6,5,4,3,4,5,4,4,5,3,5,4,5,5,4,5,5,3,3,3,5,3,3,3,4,5,3
R_00185,D005,4,3,5,4,4,4,5,4,3,3,4,4,5,2,5,3,2,3,3,3,2,5,3,3,4,4,3,4,5,4,4,3,4,4,3,3,4,5,3,5,3,5,4,4,4,4,3,4,2,3,4,5,3,3,4,3,4,3,5,3,3,5
R_00186,D001,4,4,6,6,3,5,4,3,5,4,5,3,5,4,5,4,4,6,4,4,3,3,5,5,5,5,3,6,5,5,4,6,6,4,6,6,6,4,3,6,3,4,5,4,6,5,6,3,4,3,5,5,5,6,4,5,5,4,3,5,3,6
R_00187,D005,3,5,6,3,4,5,5,3,3,4,3,5,4,5,4,3,5,4,3,6,6,4,4,6,4,6,3,4,5,6,5,5,5,4,3,6,5,5,4,6,5,5,6,4,5,5,4,5,4,4,4,4,5,6,3,3,5,4,4,5,5,3
R_00188,D012,4,5,4,4,5,4,5,4,5,6,4,3,5,4,5,5,4,4,5,4,5,5,4,4,6,5,5,5,5,3,4,3,6,3,5,5,5,5,3,5,4,6,3,4,3,4,6,3,5,3,5,4,4,4,4,5,5,5,4,5,5,5
R_00189,D005,3,5,5,4,4,3,4,4,5,4,5,6,5,6,4,3,5,6,5,5,5,4,4,5,3,3,5,5,4,4,5,4,4,6,3,6,5,5,4,5,3,6,4,3,4,5,4,4,5,6,4,4,5,3,3,4,3,5,5,4,4,5
R_00190,D006,5,5,6,6,5,5,6,5,4,4,6,6,4,4,6,3,5,6,4,4,3,6,5,4,4,4,5,5,5,5,5,5,6,4,5,3,5,4,4,6,3,5,5,3,4,5,3,5,3,5,5,6,5,5,4,5,6,6,3,4,4,5
R_00191,D005,5,5,3,4,5,4,3,4,5,4,3,6,4,4,5,5,3,4,5,3,3,5,4,3,3,5,4,5,4,4,5,3,4,3,4,5,5,4,3,4,3,6,4,4,5,4,3,4,6,3,4,3,5,4,3,4,3,5,4,5,5,3
R_00192,D009,3,3,5,5,4,4,5,4,5,3,3,5,2,2,4,5,5,5,3,3,3,3,4,5,4,4,5,5,5,5,4,3,4,3,4,3,3,3,5,3,3,3,5,5,5,5,4,5,2,4,4,3,4,4,4,3,4,3,3,4,3,5
R_00193,D006,3,3,3,4,4,3,5,5,5,5,4,3,5,3,4,5,4,4,5,4,3,3,3,5,3,5,5,5,4,3,4,5,5,3,5,5,5,3,3,3,4,2,5,3,5,5,2,3,5,5,5,5,5,4,5,3,3,3,4,5,4,4
R_00194,D014,3,5,5,3,5,4,4,3,5,5,4,4,5,4,5,4,5,3,5,3,5,4,3,4,5,3,5,5,4,4,3,4,3,3,5,5,5,4,4,3,6,4,3,3,5,3,5,5,3,4,4,3,4,3,5,5,3,3,4,4,5,4
R_00195,D015,4,4,5,4,3,4,3,3,4,5,4,6,3,4,5,5,3,6,3,5,4,5,5,3,6,4,3,3,4,4,5,5,5,3,4,5,5,3,5,6,6,5,4,5,4,5,5,5,4,6,4,6,3,5,4,3,5,3,6,6,6,4
R_00196,D001,3,4,5,4,3,4,5,4,6,4,4,5,4,4,4,4,4,5,3,3,3,3,5,5,5,6,4,5,4,5,3,3,3,5,4,5,5,5,3,3,4,3,4,4,3,4,5,4,5,4,5,4,3,4,5,3,4,4,5,3,6,4
R_00197,D015,5,5,5,5,3,3,5,3,5,4,5,3,3,3,5,4,5,4,5,4,5,3,3,4,5,3,4,4,4,3,4,4,6,5,5,6,5,3,4,5,3,4,4,3,3,5,5,5,4,3,5,6,5,4,5,6,5,3,3,4,4,3
R_00198,D015,5,6,4,5,6,3,5,5,3,5,4,3,5,3,4,4,6,4,6,3,4,4,4,4,3,5,5,4,3,4,3,6,5,5,3,4,6,4,3,5,5,4,5,5,5,4,4,6,5,4,4,4,6,6,3,5,4,4,3,5,5,3
R_00199,D001,3,5,5,5,2,2,5,5,4,3,4,5,4,5,5,3,3,4,3,5,3,3,5,2,5,3,3,3,3,4,4,3,5,4,3,3,4,5,3,3,2,3,3,3,4,5,4,4,3,3,3,5,3,4,4,4,4,3,4,5,5,4
R_00200,D009,4,5,3,3,4,5,5,5,3,5,5,3,5,3,5,6,4,5,5,3,4,5,4,5,4,4,5,4,6,4,5,3,4,4,4,6,6,6,4,6,4,3,5,4,3,3,4,6,5,4,3,5,5,3,5,4,3,4,3,4,3,4
R_00201,D005,5,4,4,5,4,6,3,6,3,6,3,4,4,4,4,6,5,4,3,4,3,5,5,4,3,3,4,5,5,6,4,6,3,4,4,4,4,4,6,4,6,6,5,5,5,4,4,3,4,5,6,4,5,4,5,4,4,3,4,3,5,5
R_00202,D001,4,5,5,3,4,5,5,3,3,5,3,3,4,3,5,4,3,3,3,5,4,4,5,4,5,4,3,5,5,3,5,3,5,4,5,3,3,3,3,4,5,3,4,5,3,4,4,4,5,3,3,3,5,4,3,3,5,3,5,4,4,3
R_00203,D011,4,4,4,4,5,3,3,4,4,5,3,5,3,3,3,3,4,5,3,5,5,4,4,5,4,4,4,4,4,3,5,5,4,3,5,3,3,4,4,3,5,3,3,3,3,3,5,4,4,5,5,3,5,4,5,5,4,3,4,3,4,3
R_00204,D010,4,5,3,3,4,5,5,3,4,4,3,3,4,4,4,3,3,3,3,4,5,4,4,3,3,5,5,5,3,4,5,5,5,5,5,4,3,4,4,5,3,4,4,3,3,4,4,5,5,4,4,5,5,4,4,5,5,5,3,3,3,3
R_00205,D001,3,2,3,4,5,2,3,4,5,4,3,3,4,3,2,2,2,3,5,5,5,2,4,5,4,5,5,3,2,4,3,5,4,3,2,4,2,4,3,3,3,2,3,3,3,2,5,4,5,5,4,4,3,3,4,5,3,4,4,5,2,4
R_00206,D014,5,5,5,5,3,3,4,5,4,4,5,5,4,4,4,4,4,4,6,5,3,5,5,5,4,5,3,3,3,5,4,4,4,5,5,4,5,6,3,4,4,5,5,4,5,5,5,4,5,5,6,4,4,4,3,4,5,5,5,5,4,4
R_00207,D013,5,4,5,3,3,4,5,3,4,4,5,5,3,2,5,4,3,3,3,5,3,4,5,4,3,5,2,2,3,3,5,3,3,5,4,3,4,4,3,4,3,4,4,4,4,2,4,2,3,2,4,5,4,4,3,4,4,3,5,4,2,2
R_00208,D007,4,5,3,5,5,6,4,5,4,6,3,4,5,5,4,4,3,3,5,5,6,4,4,4,5,4,6,5,3,5,5,4,6,4,3,4,4,3,3,5,4,4,3,5,5,6,5,3,3,4,5,5,4,4,5,6,3,3,5,6,5,4
R_00209,D006,3,4,5,5,3,4,4,4,4,3,3,6,4,4,5,5,5,3,3,4,5,4,6,4,3,3,5,3,4,4,3,3,3,5,3,3,5,3,5,4,3,5,3,5,5,5,3,4,4,3,4,5,4,5,3,3,4,5,3,4,6,4
R_00210,D005,5,4,3,4,3,4,5,5,3,5,6,4,5,5,5,3,5,5,5,5,5,3,5,4,5,4,3,3,3,5,3,5,4,4,4,5,6,4,4,4,4,6,4,4,5,5,5,6,5,5,4,4,3,4,4,4,5,4,4,4,4,4
R_00211,D005,6,5,4,4,5,4,4,4,4,5,5,6,3,5,4,5,4,5,4,5,5,3,5,6,5,4,5,5,3,5,4,4,4,4,5,5,3,5,4,6,5,6,3,3,6,6,4,6,5,4,5,4,3,4,6,5,4,4,3,3,4,5
R_00212,D001,4,4,4,5,6,5,3,6,5,3,4,5,4,4,4,5,5,4,5,5,3,5,4,4,5,5,3,5,6,3,5,6,4,4,3,5,4,4,3,3,4,3,4,4,5,5,4,3,3,3,5,4,5,4,5,4,4,4,5,4,5,4
R_00213,D005,4,5,4,4,5,4,5,4,5,3,3,4,3,3,3,4,4,3,5,3,5,4,5,4,4,4,4,5,5,3,3,3,4,5,4,3,5,4,4,5,5,5,4,5,3,5,3,5,3,3,5,4,3,5,3,5,3,3,4,3,3,3
R_00214,D009,6,6,3,4,6,5,3,5,3,5,3,3,5,3,3,4,5,5,3,6,4,3,5,5,4,3,4,3,3,3,3,3,5,5,5,4,4,3,3,4,5,5,3,4,3,4,5,5,4,4,4,4,6,6,4,5,5,5,5,4,4,4
R_00215,D007,3,5,4,4,5,4,4,4,4,3,3,4,5,3,5,5,5,5,4,4,3,3,4,4,4,4,5,4,4,3,6,5,6,4,3,4,4,5,4,5,4,4,4,6,5,4,4,3,6,3,6,3,5,4,3,3,4,3,4,5,4,5
R_00216,D005,4,2,3,4,4,2,4,4,4,2,5,5,3,4,3,4,3,2,5,2,3,3,2,3,5,3,4,3,5,3,4,3,5,2,2,5,3,3,2,3,5,5,4,2,3,5,4,5,5,5,3,4,5,4,3,4,4,4,5,4,4,4
R_00217,D012,5,4,3,5,3,5,5,2,4,5,3,5,4,5,3,5,4,3,3,4,3,4,4,3,2,3,4,5,2,3,5,4,5,3,4,2,5,3,3,5,4,5,4,3,5,3,4,3,3,3,3,2,2,5,2,4,4,3,5,5,4,5
R_00218,D001,3,5,3,4,5,3,4,2,5,3,2,4,5,4,5,3,3,3,5,3,4,4,4,5,3,2,4,3,4,4,2,4,4,2,5,4,4,5,3,4,3,4,3,5,3,5,3,3,3,3,3,2,4,3,3,4,3,2,4,4,4,4
R_00219,D006,4,5,4,4,5,3,4,2,3,3,2,2,5,3,3,4,4,3,4,3,3,3,5,3,3,5,4,4,2,4,5,3,4,5,3,5,3,4,5,5,4,3,4,4,4,5,3,2,4,5,4,3,3,4,4,4,4,5,5,4,4,3
R_00220,D015,4,5,4,4,5,3,4,4,5,5,4,5,6,6,5,3,4,5,4,4,5,3,3,6,4,4,4,3,6,4,4,4,6,5,4,5,4,4,4,6,5,5,4,5,3,6,3,5,4,3,4,6,4,4,4,3,5,3,5,6,3,3
R_00221,D012,4,4,4,5,3,3,3,5,3,4,4,2,5,5,5,2,3,5,5,5,5,3,4,3,5,5,4,3,4,3,3,5,3,3,3,5,4,5,4,5,5,5,3,3,4,4,3,5,5,3,3,3,5,3,4,5,3,3,4,5,5,2
R_00222,D015,4,5,4,5,3,4,3,2,4,2,3,5,5,4,3,5,5,5,2,5,4,4,3,3,4,5,4,3,4,2,5,3,3,5,3,5,2,3,5,3,3,3,3,3,3,2,4,2,3,3,2,5,3,4,5,5,4,5,3,3,3,3
R_00223,D014,3,5,3,3,5,4,4,5,5,4,4,4,3,4,3,5,4,2,5,3,4,3,2,2,5,4,3,4,4,3,4,3,4,4,5,2,3,4,4,5,4,2,3,4,3,5,5,4,5,2,4,3,5,5,3,4,2,3,4,3,4,3
R_00224,D006,5,3,3,5,3,4,5,4,6,4,3,3,3,3,5,3,5,3,3,6,5,5,5,3,3,5,4,5,5,5,3,3,3,3,5,5,5,4,4,5,5,4,3,4,3,4,5,5,5,4,5,4,3,4,3,5,5,5,4,3,3,3
R_00225,D005,4,4,4,2,4,3,3,3,5,5,5,3,4,3,3,5,4,3,5,4,4,3,3,3,3,2,5,4,3,3,2,5,2,5,3,3,5,5,5,4,5,5,4,5,2,5,3,4,4,4,2,3,3,3,4,3,5,4,4,4,5,4
R_00226,D006,4,5,3,5,3,5,4,4,4,4,4,3,5,3,5,3,4,5,3,4,5,4,3,5,3,3,3,5,4,5,4,5,5,3,5,4,3,3,4,5,5,3,4,3,3,5,5,5,4,5,5,5,3,4,3,4,2,4,5,5,4,3
R_00227,D011,5,5,4,5,4,3,4,5,4,4,3,4,5,3,5,5,4,5,5,5,4,5,5,3,4,3,3,4,6,4,3,3,3,4,4,5,3,5,5,6,5,6,5,6,5,4,4,5,5,5,4,4,3,5,4,4,5,6,5,5,4,4
R_00228,D012,3,4,5,3,3,5,4,5,4,4,4,5,5,3,3,5,5,3,3,5,4,3,4,3,4,3,3,4,5,3,4,5,3,5,5,3,3,4,4,4,3,5,4,5,5,3,3,2,3,4,3,5,3,3,5,5,4,3,3,5,3,5
R_00229,D007,5,5,4,5,5,3,4,5,4,3,3,3,4,3,4,4,3,4,5,3,5,3,4,2,4,2,4,2,4,2,3,3,3,3,3,4,4,4,4,3,3,3,3,3,4,3,5,5,3,2,5,4,3,3,4,5,4,4,5,2,4,4
R_00230,D015,3,3,4,3,3,4,5,3,5,5,3,5,4,5,3,6,4,6,4,4,5,5,3,4,3,3,5,5,4,3,5,5,5,4,3,4,4,5,4,5,5,4,4,5,3,6,5,4,6,4,4,5,5,6,3,4,4,5,4,5,4,6
R_00231,D015,2,3,3,3,3,4,4,4,5,4,4,3,4,4,3,5,3,5,3,5,2,4,2,4,2,5,3,5,3,4,3,5,3,3,4,3,3,2,2,2,4,4,4,4,4,4,3,4,4,3,3,3,3,3,5,5,4,5,5,4,4,4
R_00232,D005,4,4,4,4,5,5,2,3,5,5,2,3,5,3,3,4,5,3,4,4,4,3,3,5,3,5,4,2,4,3,3,5,3,3,3,3,3,4,5,3,4,3,4,4,5,4,5,4,3,5,5,4,4,3,4,3,4,3,5,4,5,3
R_00233,D007,5,5,4,5,3,4,4,4,5,3,4,3,3,5,2,3,3,5,4,3,4,5,3,5,2,3,4,3,5,3,3,3,5,3,5,4,3,4,4,5,4,4,5,4,5,5,3,5,3,3,4,5,5,5,3,3,5,5,5,4,4,3
R_00234,D009,3,3,4,5,3,5,4,6,4,3,3,4,5,5,4,3,5,4,4,4,5,4,4,5,5,5,5,5,5,5,5,5,5,3,4,3,5,4,5,4,3,4,3,5,5,4,5,5,5,5,3,5,5,3,5,5,4,4,5,3,4,3
R_00235,D007,4,4,3,5,4,3,3,4,5,3,4,3,4,5,4,5,4,4,4,2,5,3,2,3,3,4,5,5,4,3,2,5,5,3,4,4,3,4,2,4,4,3,4,5,3,4,5,2,5,5,4,5,3,3,5,3,5,4,3,3,4,4
R_00236,D013,5,5,5,3,5,2,4,4,4,5,3,5,3,5,3,3,3,3,4,5,5,2,5,3,2,4,3,4,2,4,2,3,3,4,3,4,4,4,3,4,3,3,2,4,4,3,3,4,4,3,3,5,4,4,3,4,3,5,4,5,5,5
R_00237,D015,5,3,5,3,5,5,3,5,3,4,3,3,5,4,5,3,5,4,4,5,4,3,6,5,5,3,3,4,3,4,5,6,4,4,4,5,4,3,4,5,4,3,4,5,3,4,3,5,3,3,5,4,3,3,4,5,5,4,4,5,5,5
R_00238,D007,5,3,5,4,5,5,4,5,3,3,4,5,3,4,5,4,5,4,3,4,5,5,4,5,5,3,5,3,3,3,5,5,3,5,4,5,4,5,5,4,5,4,5,3,4,5,3,5,4,3,4,3,5,3,4,3,3,5,5,4,3,4
R_00239,D015,5,4,3,3,5,6,3,5,4,4,4,5,3,5,5,4,4,5,4,5,3,3,6,3,4,3,5,5,5,5,6,5,5,4,4,3,6,4,5,4,5,5,4,4,5,4,5,6,5,4,4,3,6,4,4,4,5,5,3,5,4,5
R_00240,D015,4,5,4,4,3,3,4,5,4,4,3,5,3,4,4,4,4,4,4,2,4,4,4,3,4,5,4,5,4,3,4,3,3,2,4,3,5,3,4,5,3,3,4,3,3,2,5,4,3,3,5,4,4,5,4,5,3,5,4,5,4,2
R_00241,D006,4,5,3,5,4,5,3,5,3,5,3,5,3,4,3,4,4,3,5,5,3,4,3,2,4,4,5,5,4,2,3,4,4,5,3,3,4,3,4,4,4,5,3,4,4,2,4,4,4,3,2,5,3,3,3,4,3,3,3,4,3,5
R_00242,D012,5,4,3,4,5,3,5,3,5,5,4,3,5,5,3,4,4,4,5,3,4,4,3,5,3,4,3,3,5,4,5,4,3,3,3,5,5,4,3,3,5,4,5,4,4,3,3,4,3,3,5,4,4,3,4,5,5,3,5,4,3,3
R_00243,D015,6,5,4,4,3,5,6,3,5,4,4,5,4,6,3,6,6,5,5,6,3,3,4,3,4,5,5,3,3,4,5,4,4,5,6,4,4,5,6,4,4,5,4,6,5,3,3,4,4,5,3,4,4,6,4,5,3,5,5,5,3,3
R_00244,D004,5,2,3,2,3,2,2,3,3,3,4,4,2,3,4,4,2,4,5,5,4,3,4,3,4,4,3,5,5,3,4,4,4,4,4,5,4,4,3,4,3,3,3,4,2,4,3,5,4,5,4,5,5,5,3,3,4,4,4,4,5,5
R_00245,D011,5,5,5,4,4,4,3,5,5,4,5,5,3,4,4,4,4,5,5,5,3,5,4,6,5,4,4,5,5,5,5,3,4,5,5,4,3,3,3,3,4,6,4,4,4,3,4,5,4,5,4,6,4,3,5,5,3,5,4,5,5,4
R_00246,D003,4,5,5,6,6,4,4,5,4,4,5,5,4,4,3,5,4,3,5,5,6,5,3,4,4,6,5,5,5,5,3,3,5,3,4,5,6,5,3,3,5,5,5,5,4,3,4,4,5,5,3,5,3,3,4,4,4,5,3,6,3,3
R_00247,D003,3,3,4,4,4,4,4,2,4,4,2,2,3,3,3,3,4,3,4,4,5,4,5,3,4,4,2,4,3,3,4,4,4,5,5,4,2,4,3,2,3,5,4,4,3,3,2,4,5,3,3,3,5,4,4,3,5,4,5,2,4,4
R_00248,D012,4,4,3,4,4,2,3,5,3,3,3,3,3,3,3,5,3,2,5,5,5,2,5,5,3,3,3,3,4,2,4,2,4,5,4,5,2,3,3,3,4,5,3,3,5,5,4,4,3,4,3,3,3,4,5,3,4,5,4,3,5,3
R_00249,D001,4,5,4,4,3,3,4,3,5,3,4,3,4,5,5,4,3,3,5,5,4,3,4,5,3,3,4,4,4,5,4,4,3,3,5,5,5,4,3,3,4,3,4,3,3,3,5,4,4,3,3,5,3,5,3,4,3,4,4,4,4,4
R_00250,D005,2,2,3,4,5,3,3,4,5,3,3,3,3,4,2,4,4,5,4,3,2,5,3,3,3,3,4,4,4,2,4,4,2,3,2,4,4,4,5,2,4,4,5,4,3,2,3,5,2,4,2,4,4,4,3,5,4,5,3,4,5,4
R_00251,D009,4,4,5,3,4,3,3,3,2,3,3,2,4,3,3,3,3,3,4,5,4,4,4,5,5,4,2,4,5,3,3,5,4,2,4,4,5,4,3,2,2,3,4,2,5,4,2,5,5,5,5,3,4,4,4,4,5,5,4,3,3,5
R_00252,D015,4,5,6,6,4,5,5,6,6,5,4,3,5,4,5,4,4,6,4,4,4,4,3,3,5,4,3,4,4,3,5,5,4,3,5,3,5,3,3,5,5,5,5,5,4,5,3,5,4,6,5,5,5,3,3,4,5,4,5,5,4,4
R_00253,D001,5,3,4,6,5,5,4,4,3,6,5,5,5,5,3,5,6,6,5,4,5,4,4,4,5,3,4,4,3,3,5,3,3,6,4,5,5,4,5,3,4,5,5,4,5,4,4,5,6,3,4,4,6,5,4,5,4,5,3,4,4,5
R_00254,D008,5,4,5,5,5,6,5,5,3,3,5,5,4,6,3,4,4,3,4,5,3,3,5,4,4,3,3,3,4,3,3,4,3,4,4,3,5,4,5,5,5,3,4,4,5,5,4,6,5,5,4,4,3,3,4,4,6,5,5,5,6,5
R_00255,D015,4,4,5,3,5,4,4,4,5,4,3,5,3,4,3,3,5,3,4,5,5,3,5,4,4,5,4,5,4,3,3,5,3,5,4,5,5,3,3,4,5,3,4,3,4,3,4,3,4,4,3,3,4,4,3,3,4,4,5,5,5,4
R_00256,D006,3,5,3,3,5,3,4,4,5,4,5,4,5,3,3,3,5,5,3,3,5,4,5,5,5,5,3,4,5,3,4,3,4,3,3,5,5,3,3,3,3,5,5,4,5,5,4,4,5,4,4,3,3,5,3,4,5,4,5,4,4,4
R_00257,D001,6,3,4,4,4,5,6,3,5,3,5,6,4,5,3,5,4,6,4,4,3,5,3,5,6,3,4,3,5,4,3,4,5,4,5,3,4,6,5,4,4,4,4,3,4,5,4,5,4,5,6,3,5,4,4,4,5,4,3,3,5,3
R_00258,D015,4,3,4,4,4,5,4,4,5,2,3,4,4,3,3,4,4,4,2,5,4,3,3,2,4,4,4,2,5,4,3,3,2,3,4,2,4,5,3,4,4,3,4,3,5,5,2,5,5,5,4,4,4,3,4,3,5,5,3,3,3,5
R_00259,D015,4,5,3,4,3,2,4,3,4,4,2,4,5,5,4,3,4,3,4,4,4,5,4,5,4,4,4,4,3,5,4,2,5,3,4,3,4,3,4,3,3,2,3,4,4,5,3,3,3,5,5,4,4,3,3,4,3,5,5,4,4,3
R_00260,D012,5,6,4,4,3,5,6,3,3,5,3,4,6,3,5,4,4,3,6,4,5,5,5,5,4,4,3,3,4,4,5,4,6,4,5,6,5,5,3,4,3,4,4,5,6,5,4,4,6,5,5,5,3,4,5,3,5,4,3,4,5,6
R_00261,D015,4,3,3,5,4,6,5,4,3,3,5,5,3,3,3,5,6,3,3,5,4,3,4,5,4,5,4,4,3,5,5,4,4,3,3,4,4,4,3,4,5,4,4,4,4,4,3,4,5,5,5,3,3,5,4,4,5,4,5,3,4,3
R_00262,D015,5,4,3,5,4,4,5,3,2,5,4,2,5,5,3,3,2,4,3,3,5,4,4,4,4,3,3,4,4,2,4,5,4,3,4,4,5,3,3,3,5,3,4,3,5,5,5,3,4,3,3,5,3,3,4,5,3,4,3,5,3,5
R_00263,D006,5,3,5,3,4,6,6,4,6,4,3,3,5,4,3,3,5,4,5,5,3,3,4,6,5,3,5,5,4,3,4,4,6,6,5,4,4,3,4,5,5,6,3,5,6,5,5,5,3,5,3,3,3,5,5,4,5,5,3,5,3,3
R_00264,D001,3,2,5,3,5,5,3,4,5,4,3,3,5,3,4,4,4,4,5,4,3,3,5,5,4,5,5,5,4,3,4,5,5,3,5,5,3,3,3,3,4,4,3,3,4,3,5,5,5,4,4,5,3,5,3,4,4,3,4,3,4,3
R_00265,D007,6,6,6,4,5,6,4,4,6,5,5,6,4,3,3,4,4,4,4,3,4,5,4,4,4,4,4,5,5,5,4,5,3,4,5,5,5,5,6,3,3,3,5,6,3,6,3,4,4,6,5,3,5,3,3,5,4,4,5,6,5,3
R_00266,D004,2,2,3,3,4,4,5,2,2,3,4,5,2,2,3,4,3,5,5,4,4,3,4,4,2,3,5,3,4,4,5,3,4,5,4,4,3,2,3,4,2,2,3,5,4,5,4,2,4,4,2,3,5,5,3,4,4,4,2,4,4,5
R_00267,D015,4,5,6,6,4,5,4,4,5,3,4,3,3,6,5,5,5,4,4,6,5,3,5,5,4,3,5,4,4,4,5,5,6,5,5,4,5,6,4,4,3,4,4,6,3,4,4,5,5,3,4,4,4,6,4,3,5,4,3,4,6,5
R_00268,D003,4,5,3,5,3,3,5,4,5,4,3,5,4,6,4,4,3,5,3,4,3,3,6,4,5,6,6,4,5,6,4,6,4,5,5,3,5,5,4,3,3,6,4,5,5,5,5,3,4,4,3,4,4,3,5,3,4,3,4,3,5,4
R_00269,D004,5,3,5,5,3,3,5,5,4,5,5,4,4,4,5,4,3,4,4,3,4,3,5,5,4,5,3,4,3,3,5,3,3,4,5,4,3,4,4,5,4,4,5,5,3,5,3,3,3,4,3,5,3,3,4,4,4,4,5,3,4,3
R_00270,D005,4,3,3,3,5,4,3,4,5,3,4,3,2,3,4,2,2,3,2,5,4,3,3,4,4,5,3,5,3,4,2,5,3,3,3,2,3,3,4,5,3,5,3,5,4,3,5,3,4,3,2,2,3,4,4,5,4,5,4,3,4,5
R_00271,D003,4,3,5,4,5,5,5,3,4,3,4,5,3,3,4,4,4,4,4,5,5,5,4,5,5,4,5,6,3,4,4,4,4,4,5,4,5,4,4,6,5,5,3,3,4,3,5,4,4,3,3,3,5,3,4,3,3,4,3,5,4,5
R_00272,D010,3,4,5,4,5,4,4,5,5,4,4,5,3,3,3,5,3,4,4,3,3,3,3,3,5,5,5,5,3,3,2,4,3,3,3,5,5,3,3,5,5,4,3,3,4,3,4,4,5,4,3,3,4,4,5,5,3,5,5,4,5,3
R_00273,D005,4,5,4,5,4,4,5,3,3,3,3,3,3,4,5,4,5,5,5,3,3,3,5,4,3,5,4,4,5,3,5,3,4,5,3,3,5,5,3,4,5,3,5,5,4,4,3,5,5,5,3,3,3,5,3,4,3,5,3,5,4,2
R_00274,D007,3,6,5,5,3,3,4,4,3,5,4,3,4,6,4,5,4,5,5,3,5,5,5,3,4,5,3,5,5,3,4,5,5,5,3,4,4,4,4,4,3,4,3,5,5,3,5,5,5,5,5,3,5,4,5,5,3,3,3,5,3,3
R_00275,D005,4,5,3,2,3,5,4,3,5,5,4,4,3,5,5,3,3,4,3,3,5,3,4,4,3,4,5,5,3,4,5,3,5,4,3,3,3,4,5,4,4,3,4,4,2,3,4,4,5,5,5,3,3,4,4,5,4,3,2,5,2,3
R_00276,D008,3,4,3,5,4,3,4,3,3,5,6,6,3,6,5,5,3,3,5,5,5,4,5,4,5,5,4,4,5,3,3,6,3,5,3,6,6,4,5,5,4,6,4,6,5,4,5,5,5,5,3,6,4,4,5,5,6,3,5,5,4,5
R_00277,D012,5,3,4,4,3,5,4,3,3,4,3,5,5,5,4,3,3,4,3,4,4,3,5,4,3,5,4,4,3,5,5,3,3,4,5,5,4,4,4,5,3,4,5,4,4,3,5,3,5,4,3,3,4,4,3,4,2,3,3,4,3,3
R_00278,D009,3,5,3,4,5,4,5,4,5,4,4,5,4,4,4,3,3,4,4,3,4,5,3,5,5,3,6,5,6,4,4,4,4,5,5,5,5,5,5,4,3,3,5,4,3,6,5,5,5,3,3,3,3,3,5,5,4,4,6,4,4,5
R_00279,D007,3,4,4,4,4,5,4,4,4,4,5,5,3,5,4,4,5,3,5,3,4,4,5,4,3,5,6,4,5,6,4,3,5,5,3,5,3,3,5,4,5,3,4,3,3,4,3,4,6,5,5,5,5,4,4,4,4,5,4,4,4,4
R_00280,D005,6,5,4,4,3,6,5,4,6,5,5,4,5,5,4,4,4,6,6,4,4,5,5,5,3,3,4,4,5,4,6,6,5,5,5,4,5,4,4,3,3,6,5,3,5,3,4,3,4,6,4,3,5,5,4,4,5,5,3,4,3,4
R_00281,D006,5,3,4,4,5,3,5,3,3,3,5,4,5,5,4,4,3,4,4,5,5,4,4,5,5,4,5,3,3,3,3,3,3,3,3,4,3,5,3,3,5,3,4,3,5,3,4,3,4,4,2,3,4,4,4,4,5,3,5,5,2,5
R_00282,D015,5,5,4,3,5,6,3,5,3,5,4,5,3,3,6,4,5,3,3,5,5,5,3,5,4,3,4,3,5,5,5,5,3,3,6,5,3,3,3,4,6,3,5,3,3,3,4,3,5,5,4,4,5,3,5,3,4,4,5,4,5,3
R_00283,D005,3,5,3,3,4,5,5,3,2,3,5,5,3,4,4,5,5,5,5,5,2,4,3,3,5,3,5,3,5,5,5,3,5,4,5,3,5,4,4,3,3,3,5,4,5,5,3,3,4,4,5,3,4,4,3,5,3,3,4,5,4,4
R_00284,D006,4,4,4,5,6,4,5,4,5,3,3,3,3,3,4,6,3,5,6,4,5,5,3,6,6,3,5,5,4,5,5,6,5,4,5,5,4,4,5,5,5,3,3,3,5,6,5,4,4,3,3,5,3,3,3,5,5,4,5,4,6,5
R_00285,D011,4,3,5,3,3,5,2,4,4,4,4,3,3,2,3,5,4,3,4,3,4,5,3,4,3,4,5,3,4,3,5,4,3,3,3,5,3,4,2,3,2,3,5,3,2,4,2,4,4,5,2,3,2,5,5,4,3,2,3,4,4,3
R_00286,D006,5,3,4,5,5,4,5,3,4,3,3,4,4,4,3,3,3,4,5,3,3,4,5,5,3,5,3,5,3,5,5,4,3,4,5,5,4,5,4,4,5,3,2,5,3,3,4,3,3,3,3,5,2,5,3,5,5,4,4,4,5,4
R_00287,D012,5,4,6,5,5,3,4,3,4,4,5,5,4,3,3,4,4,3,4,5,5,5,3,5,6,6,5,6,6,3,6,4,5,4,5,6,4,5,3,3,5,3,5,3,6,4,3,5,3,3,3,6,5,5,4,4,6,3,5,4,3,4
R_00288,D007,4,5,4,3,3,5,3,5,5,2,4,4,4,5,5,5,5,3,4,5,5,4,5,4,5,3,5,3,4,4,4,5,5,5,4,5,3,4,3,4,5,3,5,3,4,5,3,3,4,3,4,4,5,3,3,4,4,2,4,4,5,5
R_00289,D001,4,4,5,4,5,4,5,3,6,5,3,5,4,5,5,4,4,4,4,4,3,6,4,6,5,5,4,5,3,5,6,5,3,4,4,6,4,4,3,6,5,3,4,4,5,5,6,3,4,5,5,5,3,4,4,3,6,3,4,4,5,4
R_00290,D008,3,4,5,4,5,5,5,4,5,4,4,5,5,4,3,5,5,5,6,3,4,4,4,6,4,4,5,5,3,4,5,5,4,4,5,3,5,5,6,4,4,6,6,3,3,4,4,4,5,3,6,4,5,4,5,5,3,6,5,4,5,3
R_00291,D007,4,3,4,4,5,5,3,4,6,3,3,6,5,5,3,3,5,5,5,4,4,5,4,5,3,6,4,4,4,5,3,4,4,5,6,4,4,4,4,5,3,3,4,4,5,3,3,5,4,5,3,3,5,4,6,3,4,3,4,5,6,4
R_00292,D015,4,4,3,3,5,3,6,5,4,4,4,4,3,6,3,5,4,3,5,5,4,3,4,4,4,4,5,4,5,5,4,3,5,4,3,3,5,6,4,5,3,3,5,6,3,5,4,5,6,6,3,5,4,6,5,5,4,3,5,4,4,4
R_00293,D006,4,4,3,4,3,4,3,4,3,4,5,3,3,3,3,3,2,5,2,3,3,4,3,4,5,4,3,3,4,4,5,5,3,5,4,3,3,5,4,3,3,5,3,3,4,4,3,3,3,3,5,4,3,4,5,5,4,2,4,4,3,5
R_00294,D001,4,4,3,5,4,4,3,3,4,4,4,5,6,5,4,5,4,3,4,3,4,4,4,5,4,5,4,4,3,5,5,3,4,3,4,5,5,5,5,4,6,4,5,5,5,5,3,4,4,4,5,4,3,6,5,3,5,4,4,4,6,3
R_00295,D005,5,5,3,5,5,4,4,4,4,4,5,5,5,3,4,3,4,5,5,5,2,3,4,4,4,4,5,5,5,5,3,4,4,5,4,3,2,3,4,3,5,5,5,5,5,3,4,5,4,3,4,3,4,4,3,4,5,5,3,3,3,5
R_00296,D007,3,5,4,5,3,5,5,5,5,4,5,5,4,4,4,3,5,5,4,3,5,3,5,3,4,5,5,4,5,5,5,3,5,3,5,3,3,4,3,5,4,5,5,3,4,3,3,5,3,3,4,5,5,5,5,3,4,5,3,5,3,3
R_00297,D006,5,4,4,4,5,3,5,4,4,4,3,3,5,5,5,4,6,6,5,4,4,6,4,3,5,5,5,3,4,3,4,5,3,4,4,5,3,3,4,3,4,4,5,4,4,5,4,3,5,4,4,4,3,3,5,4,3,3,6,4,6,5
R_00298,D004,5,5,4,3,5,5,3,5,4,3,5,3,3,4,4,5,4,3,4,5,4,4,4,4,5,5,4,4,3,4,3,5,5,5,4,5,3,3,4,5,3,4,4,3,3,5,3,5,5,5,4,5,3,4,4,5,3,5,5,5,5,5
R_00299,D012,5,5,5,3,4,3,4,4,3,4,4,4,5,6,4,4,4,5,4,5,3,5,5,5,3,6,3,5,5,6,3,3,3,4,3,3,4,5,3,5,6,5,5,4,4,3,5,3,3,5,5,5,4,5,3,4,5,5,5,3,4,5
R_00300,D001,3,5,4,4,4,5,4,5,6,5,4,3,3,3,4,4,3,4,3,5,5,3,4,3,5,3,3,4,4,5,3,4,3,4,5,3,5,3,3,4,5,3,5,4,3,4,3,6,4,3,4,4,3,3,3,4,5,6,3,4,4,3
R_00301,D012,3,3,2,4,3,2,4,5,4,4,3,2,5,3,5,4,4,4,5,2,3,4,5,3,2,3,3,2,5,5,4,3,4,5,3,2,4,2,3,3,4,4,2,4,5,4,4,3,5,4,3,3,4,3,3,4,3,2,5,3,2,3
R_00302,D012,3,6,3,6,5,4,4,3,3,3,4,3,6,4,5,3,5,4,4,5,4,5,4,4,4,4,5,6,5,3,4,6,5,4,4,4,3,5,4,5,6,6,3,3,4,5,3,4,3,4,5,5,6,5,6,3,5,5,3,3,4,3
R_00303,D007,3,5,3,3,3,5,4,3,3,5,3,3,3,5,4,5,3,3,5,3,3,3,3,3,4,3,3,5,4,3,3,3,4,4,5,6,3,3,5,3,5,5,4,5,4,5,3,4,5,5,4,4,5,5,5,4,4,4,5,3,5,5
R_00304,D015,5,4,4,4,3,6,5,6,4,5,4,3,3,5,6,3,3,6,4,5,5,4,4,4,5,6,4,6,3,4,5,3,4,4,4,4,3,4,6,5,4,5,5,5,4,3,3,3,3,6,5,5,5,4,3,4,6,5,4,5,5,6
R_00305,D003,3,4,4,3,4,4,3,4,6,5,3,4,6,4,6,3,4,3,3,5,6,5,4,5,5,6,5,5,6,4,3,5,6,3,3,4,3,3,4,3,3,5,4,4,3,5,5,3,6,3,5,6,4,4,3,5,4,4,4,4,4,5
R_00306,D005,5,6,5,4,5,6,4,3,3,4,6,5,4,5,3,5,4,3,4,5,5,3,5,4,3,4,4,4,4,4,3,6,5,5,3,4,6,4,6,4,5,5,4,4,5,4,3,3,6,6,5,4,6,5,4,5,4,5,4,5,5,5
R_00307,D009,2,5,3,4,4,4,3,3,3,5,5,3,3,4,5,3,3,3,3,5,4,3,5,3,3,4,3,5,4,3,3,5,5,3,4,4,3,4,4,4,2,4,3,3,4,5,4,5,5,5,4,3,5,4,5,4,5,2,5,5,5,3
R_00308,D003,4,5,4,5,3,5,3,4,4,5,4,3,6,4,3,5,5,4,6,3,3,5,3,4,5,5,6,3,3,4,6,4,6,4,3,3,5,5,5,4,5,4,5,3,5,4,6,5,6,5,5,5,3,4,3,5,5,5,5,4,4,3
R_00309,D002,4,3,4,4,2,5,4,4,5,4,2,3,4,4,4,4,5,3,2,4,3,4,5,3,5,4,5,4,5,3,4,3,3,3,3,4,3,5,5,2,5,4,4,4,3,3,5,4,2,4,4,3,5,3,5,5,3,5,3,2,5,4
R_00310,D012,5,3,5,3,5,5,4,4,5,3,5,5,4,5,5,3,4,5,5,5,5,4,3,5,3,4,5,5,4,5,5,3,5,5,5,4,5,4,3,5,4,3,3,5,5,4,5,5,4,3,3,4,3,4,4,5,4,4,3,5,3,5
R_00311,D015,4,5,3,4,5,6,4,4,4,6,4,5,5,4,6,4,4,4,5,6,3,5,3,4,4,5,3,5,5,4,3,4,3,5,5,5,5,4,4,4,3,5,4,5,6,5,4,4,3,4,4,3,3,5,4,4,5,5,4,6,5,4
R_00312,D011,4,3,3,2,3,4,5,5,4,3,4,3,2,4,3,5,3,4,5,5,3,4,3,2,3,3,2,4,3,3,4,2,5,3,3,4,5,3,3,3,4,3,4,4,5,4,3,4,2,3,5,4,3,4,3,4,5,5,3,3,2,4
R_00313,D013,4,5,5,6,4,5,4,4,3,3,5,4,4,5,4,5,4,4,4,4,3,5,3,5,4,3,3,3,4,5,4,3,3,3,6,3,3,5,5,5,5,4,5,6,3,3,5,3,5,4,4,5,4,4,3,3,3,4,5,3,5,3
R_00314,D001,3,5,4,4,2,5,3,4,3,5,2,4,5,4,5,4,5,5,2,5,4,5,5,4,5,3,3,3,5,3,5,3,3,3,5,3,3,4,5,5,2,3,4,4,4,3,2,5,4,4,5,3,4,3,4,3,4,5,4,4,2,5
R_00315,D002,3,3,5,4,4,3,4,4,4,3,3,5,4,3,5,4,3,5,4,2,5,4,4,3,2,5,5,5,5,2,3,2,5,3,5,5,4,3,5,5,5,5,5,3,2,3,4,2,3,5,3,3,3,2,3,3,3,5,5,5,3,5
R_00316,D002,4,4,4,5,6,4,4,4,5,5,5,4,3,5,3,3,5,4,3,4,3,4,4,5,4,5,3,5,5,5,3,6,3,5,5,4,6,5,5,6,3,4,4,3,4,4,4,3,6,4,5,5,5,5,6,4,6,3,3,4,3,4
R_00317,D007,3,5,5,3,3,4,4,5,3,3,5,4,5,4,4,5,2,4,3,4,4,3,5,3,3,4,2,4,5,3,3,3,4,3,4,3,3,5,4,4,5,4,3,4,5,3,4,5,3,3,4,4,3,5,3,5,5,4,4,5,3,4
R_00318,D007,4,5,3,3,3,3,4,4,3,4,4,3,3,5,4,5,3,5,3,4,5,5,4,5,4,5,3,4,5,3,5,2,4,4,3,4,3,3,3,5,5,5,3,4,3,3,3,3,5,4,3,5,5,4,5,5,4,4,3,5,5,4
R_00319,D001,5,4,4,4,5,5,5,5,5,4,5,4,3,4,4,5,4,5,6,4,4,3,5,5,3,4,3,5,3,4,4,4,5,3,4,4,3,5,4,3,3,6,6,3,4,3,4,4,6,5,5,3,6,6,4,4,5,6,3,5,4,3
R_00320,D005,5,4,5,4,3,5,3,3,2,5,4,3,2,3,3,3,2,3,5,3,5,3,3,3,5,4,4,3,5,2,5,3,3,3,4,2,3,3,2,3,3,4,3,5,5,4,4,3,3,3,5,3,3,3,4,2,4,3,3,4,4,4
R_00321,D006,4,5,3,5,5,3,3,5,3,4,2,4,3,4,4,3,4,5,2,3,4,3,5,4,5,3,3,3,3,4,2,5,4,3,4,3,4,3,5,4,4,3,4,5,4,3,4,3,3,4,4,4,5,5,3,3,4,4,3,3,4,5
R_00322,D015,4,5,2,3,4,4,2,2,3,5,3,5,2,4,3,4,4,5,3,3,3,3,5,2,5,3,3,3,3,4,3,3,4,4,2,3,4,5,2,5,3,3,3,5,5,4,4,4,4,3,4,3,3,4,4,4,2,3,3,3,3,5
R_00323,D010,5,4,4,4,5,4,6,4,3,5,4,3,5,5,3,5,4,5,5,4,4,5,3,4,3,3,3,5,4,6,5,3,3,5,4,5,4,5,5,4,4,3,3,3,5,6,5,5,3,3,5,5,4,5,4,3,4,4,3,5,4,5
R_00324,D009,3,5,6,4,6,5,3,4,5,5,4,3,4,4,5,5,4,3,4,5,3,6,4,6,5,4,5,5,5,5,5,5,3,5,3,4,6,3,5,6,4,4,3,6,5,6,5,6,3,5,4,5,6,5,6,5,3,3,6,5,3,3
R_00325,D008,4,2,5,3,4,4,4,5,5,2,3,3,3,5,4,4,4,5,5,3,5,4,2,3,4,4,3,4,4,4,3,2,4,3,4,2,4,5,5,3,4,3,2,2,3,2,4,4,4,5,5,3,4,5,3,3,5,3,4,4,3,4
R_00326,D012,3,3,5,3,4,4,3,4,4,4,3,3,5,5,4,3,3,5,4,4,5,5,3,4,5,2,5,3,4,3,5,5,3,4,5,4,4,3,4,4,4,5,5,5,5,5,3,5,4,3,4,5,4,4,4,3,5,4,5,5,3,3
R_00327,D006,5,5,4,4,3,4,4,4,5,5,5,3,3,3,4,4,3,4,4,2,4,3,4,5,4,3,5,4,5,5,5,4,3,5,4,5,4,3,5,5,5,4,4,5,4,3,5,4,3,3,4,3,5,5,5,5,3,3,4,3,5,3
R_00328,D015,2,5,3,3,5,4,5,3,4,5,3,5,5,4,5,5,5,4,3,3,3,5,4,3,4,4,3,4,4,4,5,4,3,5,5,3,5,3,5,4,3,3,3,3,4,4,4,4,5,4,3,5,4,5,4,5,5,5,5,3,5,4
R_00329,D007,3,5,4,6,4,4,3,4,5,6,3,5,6,5,5,5,3,4,6,4,3,3,4,3,3,5,4,4,3,4,4,5,3,6,4,4,3,5,5,6,3,4,5,5,5,3,3,4,4,3,4,3,4,6,4,4,5,3,4,4,4,6
R_00330,D006,3,5,5,5,4,4,3,4,4,4,4,5,4,5,5,2,4,5,3,4,3,3,3,5,2,5,4,3,2,3,4,4,5,3,5,3,4,4,4,3,4,5,2,4,4,2,2,3,5,2,3,5,2,3,2,4,4,4,4,3,5,2
R_00331,D004,5,5,5,3,4,5,4,4,5,4,4,2,4,4,3,3,4,3,5,4,4,5,3,3,3,5,3,3,3,5,3,5,4,4,3,5,4,3,5,4,4,5,4,3,4,3,4,3,5,5,4,5,5,3,3,5,3,4,3,3,3,3
R_00332,D001,3,3,3,4,3,3,4,4,5,3,3,4,4,2,4,3,4,3,4,5,2,4,5,4,5,5,2,4,3,4,5,4,4,4,3,5,5,5,3,3,3,4,4,5,3,5,3,3,4,3,3,4,4,4,3,3,3,3,5,3,2,3
R_00333,D006,2,4,5,2,4,3,2,4,2,5,4,4,5,2,4,4,2,2,4,3,4,4,3,3,3,4,3,2,4,3,3,2,4,3,2,5,3,4,3,3,3,4,5,4,2,3,4,5,3,3,3,4,2,2,4,4,4,3,3,3,5,5
R_00334,D012,4,5,4,4,3,4,4,3,4,2,5,4,5,5,3,4,4,3,5,3,4,5,2,3,5,3,4,2,4,3,2,4,4,4,3,4,3,4,3,4,3,3,3,3,3,3,4,3,5,5,5,3,3,5,4,5,4,3,5,3,5,3
R_00335,D009,4,4,5,5,5,4,3,4,5,4,3,3,4,3,5,4,4,3,5,3,3,3,5,4,4,5,4,3,3,4,4,3,4,4,3,3,5,5,4,4,5,3,4,5,3,3,5,5,3,5,5,5,5,4,4,4,3,3,4,3,5,3
R_00336,D011,5,3,4,3,5,4,6,3,5,4,5,4,4,4,4,5,5,4,6,3,5,4,4,3,5,5,3,4,6,4,4,5,5,3,6,3,3,5,5,6,4,3,5,4,5,5,6,4,4,4,6,4,5,5,3,4,6,5,3,5,3,5
R_00337,D001,2,4,3,4,3,4,3,5,4,5,3,3,5,3,4,5,4,5,4,4,4,3,5,5,4,3,5,3,4,5,4,3,5,5,4,5,3,4,3,4,3,4,4,3,4,3,4,5,4,5,5,5,5,4,3,4,4,4,4,4,3,3
R_00338,D014,5,3,5,5,4,3,3,3,4,5,3,3,5,4,5,4,5,5,5,4,3,5,3,3,5,3,4,5,6,5,3,3,4,4,5,5,3,5,5,3,4,4,4,4,5,5,4,5,3,4,5,5,3,5,6,3,4,3,5,6,3,5
R_00339,D007,3,5,4,4,5,3,2,4,4,4,4,4,5,3,4,3,2,4,5,3,4,3,5,3,5,4,4,3,3,3,5,5,4,4,3,4,5,5,3,5,3,4,3,5,3,4,2,3,4,3,5,4,4,3,4,3,4,3,3,3,5,5
R_00340,D005,5,4,4,3,5,3,4,6,6,3,5,5,5,5,5,4,6,4,3,5,5,4,6,4,4,3,5,4,3,5,4,3,5,5,5,3,5,3,5,5,5,4,4,5,5,4,4,5,4,3,4,3,4,4,3,4,3,3,5,4,5,4
R_00341,D007,5,4,5,4,4,3,4,5,5,3,5,4,3,5,4,5,5,3,4,3,6,5,5,4,4,6,3,4,4,3,3,5,5,4,5,4,5,6,3,4,5,4,4,6,5,3,3,5,5,6,4,5,6,5,5,4,5,3,5,4,6,4
R_00342,D011,4,5,5,3,4,4,5,3,5,4,4,4,3,4,4,4,4,3,5,4,5,5,4,4,3,3,4,3,3,3,4,4,2,4,3,3,5,3,4,4,4,4,5,5,3,4,4,2,5,5,4,5,5,5,4,4,4,4,5,5,4,4
R_00343,D001,4,4,3,4,6,5,4,5,3,4,3,4,4,3,4,3,5,4,6,5,5,3,5,3,4,4,4,4,5,6,5,4,3,5,5,3,6,5,5,5,4,3,5,4,3,4,5,4,4,5,5,4,3,5,5,4,6,4,5,6,3,3
R_00344,D007,4,3,4,3,4,3,3,4,4,5,4,4,3,2,4,2,4,4,4,5,4,5,5,3,3,3,5,3,4,4,5,4,5,2,3,4,4,4,3,5,3,4,4,4,4,4,4,4,3,2,3,4,3,5,3,3,4,2,5,2,3,3
R_00345,D009,2,4,5,3,4,4,5,4,3,2,4,5,4,4,2,5,3,5,5,4,3,4,3,5,4,3,5,5,5,4,5,5,5,3,3,3,3,3,4,4,5,3,5,3,4,3,5,4,4,3,4,5,5,3,2,4,3,4,5,4,4,5
R_00346,D005,2,5,4,2,3,4,4,4,5,2,4,3,3,3,4,3,3,3,4,4,4,4,5,4,4,5,4,3,4,3,5,5,2,4,3,4,4,5,5,2,5,3,3,4,4,2,4,5,3,4,4,2,5,4,4,3,3,4,5,5,4,2
R_00347,D003,5,6,5,5,5,4,5,3,6,4,4,3,5,6,4,6,3,6,5,6,4,5,6,3,6,3,5,6,4,5,3,6,4,4,4,4,4,4,5,3,6,5,4,5,4,4,4,3,3,4,6,3,4,4,4,6,3,5,5,3,4,4
R_00348,D003,4,5,3,5,3,4,3,4,3,3,4,3,5,5,3,2,3,5,5,5,3,5,4,3,2,4,3,5,5,5,5,3,4,4,3,5,3,2,4,3,3,3,3,3,4,2,4,3,5,3,2,3,5,4,4,4,3,2,5,2,2,3
R_00349,D005,4,3,3,5,5,4,3,5,4,5,3,3,3,3,3,3,4,4,4,5,3,5,3,4,3,5,4,3,3,3,4,3,4,4,3,5,5,4,3,5,3,5,3,5,3,3,3,3,5,4,4,4,5,5,3,3,5,3,5,3,5,3
R_00350,D006,3,3,4,4,2,5,3,5,3,4,2,2,2,2,5,3,5,2,4,2,3,4,2,4,4,2,2,4,3,3,3,2,3,3,3,3,5,4,3,4,3,5,3,3,2,3,4,3,4,4,3,2,3,4,3,3,4,4,4,3,3,3
R_00351,D009,5,3,5,4,5,3,4,3,4,5,4,3,4,6,4,4,5,3,5,4,3,5,5,4,4,4,4,3,5,4,3,5,5,3,5,5,5,5,4,5,5,4,4,5,5,4,5,5,4,5,5,3,3,5,5,4,5,3,3,4,3,4
R_00352,D009,6,5,5,4,4,6,4,5,4,4,5,3,5,4,5,4,4,5,5,5,5,5,3,3,6,5,4,3,6,4,4,4,3,3,5,4,4,4,3,5,3,3,5,4,4,5,5,5,3,5,5,3,6,6,4,4,5,5,4,3,5,5
R_00353,D011,5,4,5,4,4,6,4,3,3,6,6,5,6,3,4,5,5,5,6,3,5,5,4,4,4,5,4,5,4,6,4,4,5,3,6,3,4,5,3,4,5,5,4,5,5,3,4,4,4,4,5,5,5,4,5,5,3,3,5,5,4,5
R_00354,D015,4,4,3,4,4,3,3,4,5,5,5,5,3,4,6,3,6,3,5,6,5,6,4,4,3,6,5,5,4,3,6,5,4,6,6,4,4,3,3,4,3,3,4,6,3,5,6,3,6,4,3,5,3,5,3,4,3,3,5,5,4,5
R_00355,D001,5,4,2,5,4,5,2,2,3,4,5,3,3,4,4,4,4,5,4,4,4,3,3,4,3,5,2,5,4,4,2,5,3,4,3,3,3,3,5,2,3,5,3,2,4,3,4,3,3,3,3,3,3,4,4,3,2,3,3,4,5,5
R_00356,D007,5,3,4,5,4,4,4,5,4,5,3,3,6,5,4,4,5,5,3,4,4,5,5,3,4,3,3,4,5,4,4,3,5,4,5,3,5,5,3,5,3,5,4,5,4,3,3,5,4,5,5,3,4,5,4,4,5,6,5,3,3,3
R_00357,D007,4,3,3,5,3,3,4,3,4,3,4,4,5,4,3,4,4,2,3,2,4,3,4,3,3,5,4,5,3,2,5,4,3,5,5,5,3,4,4,5,2,5,3,4,5,3,4,5,4,4,3,3,4,5,2,3,4,5,4,3,3,4
R_00358,D014,4,4,2,4,3,4,5,3,5,3,2,2,4,4,4,2,3,3,5,4,4,2,5,4,4,2,3,3,4,4,4,3,5,3,4,4,2,5,4,5,5,4,4,3,4,4,3,4,4,5,4,3,4,4,3,3,4,4,2,2,2,3
R_00359,D007,5,3,5,2,3,4,3,3,4,2,4,4,3,3,2,3,4,3,4,4,5,3,3,5,4,5,3,5,2,3,3,4,5,3,3,2,2,2,4,3,4,3,5,3,3,4,3,3,5,5,3,5,4,3,3,3,4,3,5,3,3,5
R_00360,D009,3,3,3,4,5,3,3,2,2,5,4,3,5,4,4,4,3,3,3,3,3,3,4,4,5,5,3,3,3,4,4,4,5,2,3,3,3,2,3,5,4,4,3,5,5,2,3,4,4,2,4,4,3,4,4,4,4,2,4,3,4,3
R_00361,D001,5,3,4,3,4,4,3,5,3,4,4,4,5,3,3,4,4,5,3,3,5,4,4,5,4,2,3,3,4,5,3,4,3,3,4,3,4,5,5,4,5,3,3,3,2,3,4,5,3,3,4,3,2,4,3,4,3,2,4,2,3,2
R_00362,D002,4,5,3,4,4,4,3,3,3,4,4,4,3,3,5,4,3,4,4,5,3,3,3,3,3,3,5,4,3,5,4,4,5,3,3,5,3,3,4,4,4,4,4,3,4,5,5,3,4,3,5,4,4,5,4,3,4,3,3,3,5,5
R_00363,D012,3,3,3,5,5,5,3,5,4,5,3,3,5,5,4,5,4,3,4,4,5,3,3,3,3,3,5,4,4,5,2,3,3,2,3,3,4,3,4,3,2,5,2,3,3,4,3,4,4,3,3,2,3,4,3,5,5,2,4,3,5,4
R_00364,D015,5,3,4,4,5,5,4,4,2,5,5,4,4,5,3,5,3,4,4,3,4,4,2,4,4,5,5,3,3,4,4,3,2,4,4,3,4,3,3,4,2,3,4,4,5,5,5,3,2,2,3,5,3,5,5,5,4,4,4,3,3,3
R_00365,D015,3,5,4,4,4,3,5,3,5,4,4,5,4,5,4,5,4,3,5,5,5,4,3,5,5,3,5,3,5,3,4,5,3,4,3,3,5,5,3,3,4,4,4,5,4,5,5,3,5,3,4,4,4,5,3,3,3,3,3,3,4,5
R_00366,D006,5,3,5,3,4,3,4,4,4,3,5,3,5,4,4,4,3,5,4,3,3,5,3,5,5,5,4,5,5,5,3,5,4,3,4,4,6,4,4,3,4,5,4,4,5,4,5,3,3,5,5,5,4,6,3,3,4,4,4,4,4,3
R_00367,D006,3,3,4,5,4,3,4,4,3,5,4,3,2,4,4,3,4,4,4,3,5,5,2,5,3,3,5,3,5,4,4,4,3,3,3,5,3,3,5,3,3,3,3,5,4,3,5,4,4,4,5,5,4,5,3,5,5,5,5,4,5,5
R_00368,D002,4,3,3,5,5,6,3,5,3,4,3,3,5,5,4,3,5,4,6,6,4,5,5,5,4,4,5,5,5,6,6,5,5,4,4,5,4,5,4,4,4,5,5,4,5,3,5,3,5,4,3,5,4,3,5,5,4,5,5,6,3,5
R_00369,D007,3,5,3,3,5,4,3,3,3,4,5,3,5,4,5,3,3,5,5,4,3,3,4,4,5,5,5,5,5,5,6,3,4,4,5,4,5,5,3,4,4,3,4,3,5,4,4,5,5,5,3,3,5,3,6,4,3,5,4,3,4,4
R_00370,D007,5,5,5,4,3,2,5,4,4,4,2,3,2,3,5,5,3,4,4,3,3,3,5,3,4,4,5,4,3,3,5,5,5,3,4,5,3,2,5,2,2,2,5,4,2,4,3,2,5,5,4,2,4,5,3,4,3,3,5,4,3,4
R_00371,D009,5,4,4,3,2,5,3,4,4,4,5,3,3,4,4,3,5,5,3,4,4,3,4,2,3,4,2,5,5,2,3,4,3,5,3,5,4,5,4,4,3,3,4,5,4,3,3,3,5,4,3,2,4,3,4,4,5,4,4,5,3,4
R_00372,D012,5,4,4,4,3,2,4,5,5,3,5,3,3,3,4,4,4,2,4,3,4,2,3,5,3,4,4,4,4,5,2,3,4,5,4,3,3,4,4,3,3,4,4,3,4,3,4,5,4,3,5,5,5,3,5,3,5,3,4,4,4,5
R_00373,D003,6,6,4,3,5,3,3,6,5,3,6,4,3,5,4,4,5,4,6,5,6,4,4,3,4,3,3,4,3,5,3,5,3,4,5,3,4,5,6,4,5,4,6,3,6,4,4,3,5,4,6,3,6,5,3,3,4,3,4,5,3,5
R_00374,D007,4,5,4,5,4,3,5,4,5,5,3,5,5,3,4,5,4,3,4,5,5,3,3,5,3,3,3,4,4,4,4,5,3,5,3,5,3,3,3,5,3,5,3,4,4,3,4,4,4,4,3,3,3,5,5,4,4,2,4,4,3,5
R_00375,D009,5,3,5,4,4,6,4,5,4,4,4,5,5,4,3,6,3,3,4,4,5,3,4,4,6,5,5,4,5,4,6,4,3,6,4,5,6,5,6,3,4,3,4,4,6,3,3,3,5,3,6,3,3,4,4,4,5,3,4,4,5,5
R_00376,D005,4,5,4,3,5,4,3,3,4,4,3,5,3,3,4,3,4,5,3,3,4,3,2,3,3,3,4,3,3,5,3,4,5,5,5,4,4,3,2,4,5,3,3,4,3,4,2,5,3,3,5,3,3,4,3,5,3,2,3,4,5,4
R_00377,D012,5,4,3,5,3,4,3,6,5,4,3,5,3,4,3,5,3,5,3,5,4,3,5,6,4,3,4,5,5,3,5,5,5,4,3,5,6,6,3,5,5,4,4,6,4,4,6,5,5,3,4,5,4,4,5,3,3,5,3,4,4,5
R_00378,D006,4,3,5,3,3,3,3,5,4,5,4,3,5,4,5,3,3,4,3,5,4,3,4,3,4,5,3,4,4,3,5,5,5,5,3,3,3,4,5,3,3,4,3,4,3,4,3,4,3,3,3,4,5,3,3,3,4,4,2,4,4,4
R_00379,D009,4,3,3,4,3,6,3,5,4,5,3,4,5,5,5,4,4,3,5,4,4,4,3,5,4,5,5,3,4,5,5,4,3,5,3,5,4,3,3,3,4,3,3,3,5,3,3,4,3,4,3,3,4,4,4,3,3,4,3,5,5,5
R_00380,D007,5,3,5,3,4,5,3,6,4,3,4,3,5,5,4,4,4,3,3,3,3,5,5,6,5,4,4,4,4,5,5,5,5,4,3,4,4,3,3,5,5,5,5,4,4,4,5,3,4,4,5,5,4,4,3,4,5,3,5,4,4,3
R_00381,D006,4,3,4,5,5,4,3,3,4,3,3,4,5,4,3,6,3,3,5,5,5,3,4,3,3,4,4,4,3,3,3,5,3,4,5,5,3,5,4,3,3,4,6,5,3,5,3,3,3,4,4,4,4,5,5,3,4,5,3,3,4,4
R_00382,D008,4,3,5,5,4,3,5,5,5,5,3,5,4,3,4,3,3,5,3,5,5,4,3,4,3,3,4,4,3,4,4,4,6,4,3,5,4,4,4,5,5,5,5,4,3,4,5,3,3,5,3,3,3,5,5,6,4,5,4,4,3,5
R_00383,D015,4,4,4,5,5,4,3,5,3,3,4,5,4,3,5,5,5,3,4,4,3,5,4,3,5,3,5,5,4,5,3,4,5,5,3,3,5,4,4,4,3,4,3,4,5,5,4,3,5,3,4,4,3,3,5,3,4,3,4,3,4,3
R_00384,D007,3,4,5,5,3,4,4,5,3,4,3,5,4,3,5,5,5,3,5,3,4,5,3,5,3,5,5,5,3,4,4,3,5,5,5,4,4,2,4,4,4,3,3,5,5,4,3,3,4,5,4,2,5,4,4,4,3,5,2,4,4,3
R_00385,D014,4,4,5,3,6,4,5,5,4,4,5,4,5,5,4,4,3,3,5,4,5,4,4,3,4,3,3,3,5,3,5,5,5,5,3,4,5,5,3,5,4,5,3,3,4,5,3,4,5,4,3,3,5,5,3,5,5,3,3,5,5,3
R_00386,D008,3,5,3,4,4,4,5,4,3,4,4,3,4,3,4,5,5,4,3,5,3,5,5,4,4,4,5,4,3,5,5,3,3,4,4,3,4,5,3,5,3,4,4,4,5,4,3,3,3,3,4,4,3,3,5,5,3,4,5,5,5,3
R_00387,D005,3,3,4,3,5,3,3,5,5,4,3,3,3,4,5,5,4,5,3,3,4,5,5,3,3,4,4,4,3,4,3,3,4,5,4,4,6,5,5,5,5,6,4,5,5,5,5,3,4,5,5,4,4,4,3,5,4,3,4,5,4,3
R_00388,D012,4,3,4,4,6,6,5,5,4,4,6,4,5,5,4,3,5,4,5,5,5,5,4,3,5,5,6,3,6,3,4,5,6,6,4,4,4,4,4,4,5,3,5,4,3,3,4,4,4,5,3,4,3,6,5,5,4,4,3,6,6,4
R_00389,D015,5,4,5,5,3,4,3,5,5,3,3,4,3,5,4,3,4,4,4,3,3,3,5,5,4,5,6,4,3,4,5,4,5,5,5,3,5,4,5,4,4,3,4,4,4,3,5,3,3,5,4,4,4,3,5,5,3,4,5,5,3,5
R_00390,D011,4,5,3,3,3,3,5,5,3,3,3,4,3,4,4,5,5,3,4,4,3,3,4,4,4,5,5,4,3,3,4,3,4,4,4,4,5,4,5,4,3,3,4,5,5,4,5,3,4,5,4,3,3,3,3,4,3,4,5,4,4,3
R_00391,D012,4,3,3,3,3,2,5,2,5,3,3,3,3,3,2,3,3,3,4,2,4,4,4,2,5,4,4,3,3,4,3,3,3,3,5,4,4,3,3,5,5,5,2,3,5,4,5,4,2,5,3,2,5,4,2,4,4,4,4,3,3,2
R_00392,D010,4,5,5,6,3,3,5,4,5,4,5,4,3,5,4,4,3,5,5,4,5,3,4,4,4,5,5,4,5,5,3,4,3,4,6,4,3,5,3,5,5,5,3,3,5,4,5,5,4,5,5,4,4,5,3,3,3,5,4,4,4,4
R_00393,D014,4,2,4,4,3,3,3,3,3,3,4,3,2,5,5,3,4,5,4,3,3,2,5,4,4,3,3,5,4,3,3,5,5,2,4,2,3,3,3,5,3,3,5,3,5,5,5,3,3,3,4,3,5,5,2,4,3,5,5,2,3,5
R_00394,D015,5,5,5,3,4,5,3,4,5,3,3,4,5,3,5,5,5,5,5,3,3,3,3,4,5,3,5,3,4,3,4,5,5,5,5,5,3,3,3,4,3,3,3,5,3,3,3,4,3,5,5,3,2,3,3,2,4,3,4,5,4,5
R_00395,D006,4,5,4,4,5,4,5,4,6,4,5,5,3,4,3,5,5,4,4,3,4,3,4,5,3,4,3,5,4,5,5,3,3,5,5,5,4,3,5,3,5,4,3,5,5,3,3,5,4,5,3,5,5,4,4,3,4,5,4,5,5,5
R_00396,D001,3,5,4,5,4,4,5,4,4,5,3,3,5,5,5,3,4,4,3,5,4,5,3,4,3,3,5,3,5,4,5,4,5,3,4,4,3,4,3,3,5,5,3,4,4,3,4,4,5,5,4,4,5,3,5,4,5,4,4,4,5,3
R_00397,D001,4,3,5,3,4,4,5,4,5,3,4,5,4,5,3,4,5,4,3,5,5,2,3,3,5,3,4,5,4,4,4,4,5,5,4,3,2,3,5,5,5,4,5,5,5,4,5,4,3,4,5,3,5,5,5,3,4,4,4,5,5,4
R_00398,D004,4,4,2,4,4,4,3,4,4,5,4,4,5,3,4,3,5,3,4,4,4,5,3,5,4,5,4,2,3,3,3,3,4,3,4,3,5,3,5,4,4,4,3,3,4,3,3,3,3,4,3,2,3,3,5,3,3,4,3,4,5,4
R_00399,D007,4,3,5,3,4,5,4,5,5,4,4,3,5,3,4,4,3,3,4,4,3,5,5,4,5,4,4,4,3,5,5,3,5,4,4,3,5,4,3,3,5,4,4,4,3,3,3,3,4,5,3,5,3,4,4,4,4,3,5,3,3,4
R_00400,D007,2,3,5,4,2,5,5,3,3,4,4,3,4,2,3,3,3,2,3,2,3,4,3,5,5,5,3,4,4,2,3,3,5,5,3,4,2,4,4,4,3,3,4,4,4,3,2,5,5,5,5,4,5,4,4,4,5,4,3,5,4,2
